field,count,"distinct_count","is_exact",max,mean,min,"numeric_count",stdev,values
"CSVexport Version",35208,1,1,"1.0",1,"1.0",35208,0,"[{""value"":""1.0"",""count"":35208}]"
"Destination Ip",35208,1,1,,,,0,,"[{""value"":""192.168.201.1"",""count"":35208}]"
"Destination Port",35208,1,1,863,863,863,35208,0,"[{""value"":""863"",""count"":35208}]"
Interface,35208,4,1,,,,0,,"[{""value"":""L3-R2-VCE1001"",""count"":8802},{""value"":""L3-R2-VCE1002"",""count"":8802},{""value"":""L3-R2-VCE1003"",""count"":8802},{""value"":""L3-R2-VCE1004"",""count"":8802}]"
Interval,35208,1,1,10,10,10,35208,0,"[{""value"":""10"",""count"":35208}]"
Model,35208,1,1,,,,0,,"[{""value"":""VCX-VNID"",""count"":35208}]"
"Packet Rate",35208,1,1,400000,400000,400000,35208,0,"[{""value"":""400000"",""count"":35208}]"
"Packet Size",35208,1,1,500,500,500,35208,0,"[{""value"":""500"",""count"":35208}]"
Serial,35208,1,1,,,,0,,"[{""value"":""4F8C4D56-7068-1B52-49E3-D52B7B082FB2"",""count"":35208}]"
"Session Id",35208,4,1,21,"18.75",16,35208,"1.9203137081461998","[{""value"":""16"",""count"":8802},{""value"":""18"",""count"":8802},{""value"":""20"",""count"":8802},{""value"":""21"",""count"":8802}]"
"Session Name",35208,4,1,,,,0,,"[{""value"":""R2-R9_TWAMP_Slice1001_ipv4_SF"",""count"":8802},{""value"":""R2-R9_TWAMP_Slice1002_ipv4_SF"",""count"":8802},{""value"":""R2-R9_TWAMP_Slice1003_ipv4_SF"",""count"":8802},{""value"":""R2-R9_TWAMP_Slice1004_ipv4_SF"",""count"":8802}]"
"Session Type",35208,1,1,,,,0,,"[{""value"":""TWAMP"",""count"":35208}]"
"Source Ip",35208,1,1,,,,0,,"[{""value"":""192.168.101.1"",""count"":35208}]"
"Source NE",35208,1,1,,,,0,,"[{""value"":""pca-sc-ai-showcase"",""count"":35208}]"
"Source Port",35208,4,1,4004,"4002.5",4001,35208,"1.1180498666442036","[{""value"":""4001"",""count"":8802},{""value"":""4002"",""count"":8802},{""value"":""4003"",""count"":8802},{""value"":""4004"",""count"":8802}]"
"System Id",35208,1,1,3160127625669266434,3160127625669413400,3160127625669266434,35208,0,"[{""value"":""3160127625669266434"",""count"":35208}]"
Type,35208,1,1,,,,0,,"[{""value"":""Supervision"",""count"":35208}]"
"date_hour",35208,24,1,23,"11.38036809815951",0,35208,"6.913712318693991","[{""value"":""5"",""count"":2088},{""value"":""0"",""count"":1440},{""value"":""1"",""count"":1440},{""value"":""10"",""count"":1440},{""value"":""11"",""count"":1440},{""value"":""12"",""count"":1440},{""value"":""13"",""count"":1440},{""value"":""14"",""count"":1440},{""value"":""15"",""count"":1440},{""value"":""16"",""count"":1440},{""value"":""17"",""count"":1440},{""value"":""18"",""count"":1440},{""value"":""19"",""count"":1440},{""value"":""2"",""count"":1440},{""value"":""20"",""count"":1440},{""value"":""21"",""count"":1440},{""value"":""22"",""count"":1440},{""value"":""23"",""count"":1440},{""value"":""3"",""count"":1440},{""value"":""4"",""count"":1440},{""value"":""6"",""count"":1440},{""value"":""7"",""count"":1440},{""value"":""8"",""count"":1440},{""value"":""9"",""count"":1440}]"
"date_mday",35208,2,1,4,"3.2229038854805725",3,35208,"0.41620026825850076","[{""value"":""3"",""count"":27360},{""value"":""4"",""count"":7848}]"
"date_minute",35208,60,1,59,"29.196319018404907",0,35208,"17.333214929401134","[{""value"":""0"",""count"":600},{""value"":""1"",""count"":600},{""value"":""10"",""count"":600},{""value"":""11"",""count"":600},{""value"":""12"",""count"":600},{""value"":""13"",""count"":600},{""value"":""14"",""count"":600},{""value"":""15"",""count"":600},{""value"":""16"",""count"":600},{""value"":""17"",""count"":600},{""value"":""18"",""count"":600},{""value"":""19"",""count"":600},{""value"":""2"",""count"":600},{""value"":""20"",""count"":600},{""value"":""21"",""count"":600},{""value"":""22"",""count"":600},{""value"":""23"",""count"":600},{""value"":""24"",""count"":600},{""value"":""25"",""count"":600},{""value"":""26"",""count"":600},{""value"":""3"",""count"":600},{""value"":""4"",""count"":600},{""value"":""5"",""count"":600},{""value"":""6"",""count"":600},{""value"":""7"",""count"":600},{""value"":""8"",""count"":600},{""value"":""9"",""count"":600},{""value"":""27"",""count"":576},{""value"":""28"",""count"":576},{""value"":""29"",""count"":576},{""value"":""30"",""count"":576},{""value"":""31"",""count"":576},{""value"":""32"",""count"":576},{""value"":""33"",""count"":576},{""value"":""34"",""count"":576},{""value"":""35"",""count"":576},{""value"":""36"",""count"":576},{""value"":""37"",""count"":576},{""value"":""38"",""count"":576},{""value"":""39"",""count"":576},{""value"":""40"",""count"":576},{""value"":""41"",""count"":576},{""value"":""42"",""count"":576},{""value"":""43"",""count"":576},{""value"":""44"",""count"":576},{""value"":""45"",""count"":576},{""value"":""46"",""count"":576},{""value"":""47"",""count"":576},{""value"":""48"",""count"":576},{""value"":""49"",""count"":576},{""value"":""50"",""count"":576},{""value"":""51"",""count"":576},{""value"":""52"",""count"":576},{""value"":""53"",""count"":576},{""value"":""54"",""count"":576},{""value"":""55"",""count"":576},{""value"":""56"",""count"":576},{""value"":""57"",""count"":576},{""value"":""58"",""count"":576},{""value"":""59"",""count"":576}]"
"date_month",35208,1,1,,,,0,,"[{""value"":""may"",""count"":35208}]"
"date_second",35208,12,1,58,"32.26519541013406",7,35208,"17.08428950007001","[{""value"":""27"",""count"":4326},{""value"":""47"",""count"":4323},{""value"":""7"",""count"":4320},{""value"":""37"",""count"":4309},{""value"":""57"",""count"":4302},{""value"":""17"",""count"":4291},{""value"":""18"",""count"":1577},{""value"":""58"",""count"":1566},{""value"":""38"",""count"":1559},{""value"":""8"",""count"":1548},{""value"":""48"",""count"":1545},{""value"":""28"",""count"":1542}]"
"date_wday",35208,2,1,,,,0,,"[{""value"":""sunday"",""count"":27360},{""value"":""monday"",""count"":7848}]"
"date_year",35208,1,1,2026,2026,2026,35208,0,"[{""value"":""2026"",""count"":35208}]"
"date_zone",35208,1,1,0,0,0,35208,0,"[{""value"":""0"",""count"":35208}]"
"dl_cksum",35208,1,1,0,0,0,35208,0,"[{""value"":""0"",""count"":35208}]"
"dl_dStdDev",35208,1,1,0,0,0,35208,0,"[{""value"":""0"",""count"":35208}]"
"dl_dmax",35208,5,1,28,"25.218927516473528",24,35208,"0.4556168893708122","[{""value"":""25"",""count"":26304},{""value"":""26"",""count"":8262},{""value"":""24"",""count"":613},{""value"":""27"",""count"":28},{""value"":""28"",""count"":1}]"
"dl_dmean",35208,4,1,24,"22.734264939786414",21,35208,"0.4543457385941079","[{""value"":""23"",""count"":25475},{""value"":""22"",""count"":9534},{""value"":""24"",""count"":192},{""value"":""21"",""count"":7}]"
"dl_dmin",35208,4,1,24,"22.265962281299704",21,35208,"0.4623934933787795","[{""value"":""22"",""count"":25229},{""value"":""23"",""count"":9652},{""value"":""21"",""count"":314},{""value"":""24"",""count"":13}]"
"dl_dp25",35208,4,1,24,"22.752982276755283",21,35208,"0.4470003621259962","[{""value"":""23"",""count"":26043},{""value"":""22"",""count"":8922},{""value"":""24"",""count"":237},{""value"":""21"",""count"":6}]"
"dl_dp50",35208,4,1,25,"23.028431038400363",22,35208,"0.33582289922331515","[{""value"":""23"",""count"":31215},{""value"":""24"",""count"":2494},{""value"":""22"",""count"":1497},{""value"":""25"",""count"":2}]"
"dl_dp75",35208,4,1,25,"23.636077027948193",22,35208,"0.48752596632841555","[{""value"":""24"",""count"":22210},{""value"":""23"",""count"":12889},{""value"":""25"",""count"":98},{""value"":""22"",""count"":11}]"
"dl_dp95",35208,4,1,26,"24.29112701658714",23,35208,"0.4625291927888062","[{""value"":""24"",""count"":24743},{""value"":""25"",""count"":10332},{""value"":""23"",""count"":116},{""value"":""26"",""count"":17}]"
"dl_dpHi",35208,4,1,26,"24.75488525335151",23,35208,"0.4449614960772444","[{""value"":""25"",""count"":26131},{""value"":""24"",""count"":8849},{""value"":""26"",""count"":225},{""value"":""23"",""count"":3}]"
"dl_dpLo",35208,4,1,26,"24.37173369688707",23,35208,"0.4877791705173184","[{""value"":""24"",""count"":22038},{""value"":""25"",""count"":13093},{""value"":""23"",""count"":53},{""value"":""26"",""count"":24}]"
"dl_dpMi",35208,4,1,26,"24.606453078845718",23,35208,"0.49386309277901047","[{""value"":""25"",""count"":21207},{""value"":""24"",""count"":13909},{""value"":""26"",""count"":79},{""value"":""23"",""count"":13}]"
"dl_duplicatepkts",35208,1,1,0,0,0,35208,0,"[{""value"":""0"",""count"":35208}]"
"dl_dvmax",35208,4,1,6,"2.9529652351738243",2,35208,"0.42194302239652404","[{""value"":""3"",""count"":28870},{""value"":""2"",""count"":3998},{""value"":""4"",""count"":2339},{""value"":""6"",""count"":1}]"
"dl_dvmean",35208,2,1,1,"0.46830265848670755",0,35208,"0.4990013535693724","[{""value"":""0"",""count"":18720},{""value"":""1"",""count"":16488}]"
"dl_dvp25",35208,2,1,1,"0.4870199954555783",0,35208,"0.4998385895038761","[{""value"":""0"",""count"":18061},{""value"":""1"",""count"":17147}]"
"dl_dvp50",35208,3,1,2,"0.762468757100659",0,35208,"0.4256431634395234","[{""value"":""1"",""count"":26843},{""value"":""0"",""count"":8364},{""value"":""2"",""count"":1}]"
"dl_dvp75",35208,2,1,2,"1.370114746648489",1,35208,"0.48284204731079267","[{""value"":""1"",""count"":22177},{""value"":""2"",""count"":13031}]"
"dl_dvp95",35208,3,1,3,"2.0251647352874347",1,35208,"0.2317992818166994","[{""value"":""2"",""count"":33294},{""value"":""3"",""count"":1400},{""value"":""1"",""count"":514}]"
"dl_dvpHi",35208,2,1,3,"2.4889229720518062",2,35208,"0.499884383460157","[{""value"":""2"",""count"":17994},{""value"":""3"",""count"":17214}]"
"dl_dvpLo",35208,3,1,3,"2.1057714155873666",1,35208,"0.3129506605726666","[{""value"":""2"",""count"":31366},{""value"":""3"",""count"":3783},{""value"":""1"",""count"":59}]"
"dl_dvpMi",35208,2,1,3,"2.3404907975460123",2,35208,"0.47388098982661875","[{""value"":""2"",""count"":23220},{""value"":""3"",""count"":11988}]"
"dl_firstpktSeq",35208,500,0,379817648,"209472328.5236878",39124919,35208,"166248622.29726458","[{""value"":""371583434"",""count"":1},{""value"":""371583451"",""count"":1},{""value"":""371584333"",""count"":1},{""value"":""371584351"",""count"":1},{""value"":""371585261"",""count"":1},{""value"":""371585280"",""count"":1},{""value"":""371586204"",""count"":1},{""value"":""371586224"",""count"":1},{""value"":""371587164"",""count"":1},{""value"":""371587175"",""count"":1},{""value"":""371588102"",""count"":1},{""value"":""371588113"",""count"":1},{""value"":""371589009"",""count"":1},{""value"":""371589027"",""count"":1},{""value"":""371589938"",""count"":1},{""value"":""371589950"",""count"":1},{""value"":""371590875"",""count"":1},{""value"":""371590894"",""count"":1},{""value"":""371591804"",""count"":1},{""value"":""371591823"",""count"":1},{""value"":""371592734"",""count"":1},{""value"":""371592745"",""count"":1},{""value"":""371593648"",""count"":1},{""value"":""371593660"",""count"":1},{""value"":""371594578"",""count"":1},{""value"":""371594590"",""count"":1},{""value"":""371595492"",""count"":1},{""value"":""371595513"",""count"":1},{""value"":""371596415"",""count"":1},{""value"":""371596427"",""count"":1},{""value"":""371597322"",""count"":1},{""value"":""371597336"",""count"":1},{""value"":""371598246"",""count"":1},{""value"":""371598261"",""count"":1},{""value"":""371599172"",""count"":1},{""value"":""371599187"",""count"":1},{""value"":""371600096"",""count"":1},{""value"":""371600111"",""count"":1},{""value"":""371601011"",""count"":1},{""value"":""371601036"",""count"":1},{""value"":""371601954"",""count"":1},{""value"":""371601966"",""count"":1},{""value"":""371602878"",""count"":1},{""value"":""371602890"",""count"":1},{""value"":""371603822"",""count"":1},{""value"":""371603834"",""count"":1},{""value"":""371604762"",""count"":1},{""value"":""371604779"",""count"":1},{""value"":""371605722"",""count"":1},{""value"":""371605737"",""count"":1},{""value"":""371606670"",""count"":1},{""value"":""371606683"",""count"":1},{""value"":""371607624"",""count"":1},{""value"":""371607637"",""count"":1},{""value"":""371608574"",""count"":1},{""value"":""371608595"",""count"":1},{""value"":""371609518"",""count"":1},{""value"":""371609529"",""count"":1},{""value"":""371610432"",""count"":1},{""value"":""371610443"",""count"":1},{""value"":""371611340"",""count"":1},{""value"":""371611357"",""count"":1},{""value"":""371612275"",""count"":1},{""value"":""371612296"",""count"":1},{""value"":""371613190"",""count"":1},{""value"":""371613210"",""count"":1},{""value"":""371614120"",""count"":1},{""value"":""371614139"",""count"":1},{""value"":""371615050"",""count"":1},{""value"":""371615061"",""count"":1},{""value"":""371615995"",""count"":1},{""value"":""371616016"",""count"":1},{""value"":""371616954"",""count"":1},{""value"":""371616966"",""count"":1},{""value"":""371617878"",""count"":1},{""value"":""371617889"",""count"":1},{""value"":""371618806"",""count"":1},{""value"":""371618818"",""count"":1},{""value"":""371619766"",""count"":1},{""value"":""371619784"",""count"":1},{""value"":""371620726"",""count"":1},{""value"":""371620743"",""count"":1},{""value"":""371621670"",""count"":1},{""value"":""371621687"",""count"":1},{""value"":""371622620"",""count"":1},{""value"":""371622641"",""count"":1},{""value"":""371623559"",""count"":1},{""value"":""371623576"",""count"":1},{""value"":""371624504"",""count"":1},{""value"":""371624515"",""count"":1},{""value"":""371625439"",""count"":1},{""value"":""371625459"",""count"":1},{""value"":""371626392"",""count"":1},{""value"":""371626403"",""count"":1},{""value"":""371627346"",""count"":1},{""value"":""371627362"",""count"":1},{""value"":""371628287"",""count"":1},{""value"":""371628306"",""count"":1},{""value"":""371629225"",""count"":1},{""value"":""371629243"",""count"":1}]"
"dl_jStdDev",35208,1,1,0,0,0,35208,0,"[{""value"":""0"",""count"":35208}]"
"dl_jmax",35208,4,1,5,"2.8497216541695067",2,35208,"0.3845319697357845","[{""value"":""3"",""count"":29210},{""value"":""2"",""count"":5645},{""value"":""4"",""count"":352},{""value"":""5"",""count"":1}]"
"dl_jmean",35208,1,1,0,0,0,35208,0,"[{""value"":""0"",""count"":35208}]"
"dl_jmin",35208,1,1,0,0,0,35208,0,"[{""value"":""0"",""count"":35208}]"
"dl_jp25",35208,1,1,0,0,0,35208,0,"[{""value"":""0"",""count"":35208}]"
"dl_jp50",35208,2,1,1,"0.8967280163599182",0,35208,"0.3043181088751454","[{""value"":""1"",""count"":31572},{""value"":""0"",""count"":3636}]"
"dl_jp75",35208,1,1,1,1,1,35208,0,"[{""value"":""1"",""count"":35208}]"
"dl_jp95",35208,2,1,2,"1.99468870711202",1,35208,"0.07268585222437647","[{""value"":""2"",""count"":35021},{""value"":""1"",""count"":187}]"
"dl_jpHi",35208,2,1,3,"2.0372074528516246",2,35208,"0.18927249087518114","[{""value"":""2"",""count"":33898},{""value"":""3"",""count"":1310}]"
"dl_jpLo",35208,2,1,2,"1.9997727789138833",1,35208,"0.015072355790952409","[{""value"":""2"",""count"":35200},{""value"":""1"",""count"":8}]"
"dl_jpMi",35208,2,1,3,"2.0000568052715293",2,35208,"0.007536820155977611","[{""value"":""2"",""count"":35206},{""value"":""3"",""count"":2}]"
"dl_lastpktSeq",35208,500,0,379818602,"209473263.1238639",39125818,35208,"166248622.29157907","[{""value"":""371584332"",""count"":1},{""value"":""371584350"",""count"":1},{""value"":""371585260"",""count"":1},{""value"":""371585279"",""count"":1},{""value"":""371586203"",""count"":1},{""value"":""371586223"",""count"":1},{""value"":""371587163"",""count"":1},{""value"":""371587174"",""count"":1},{""value"":""371588101"",""count"":1},{""value"":""371588112"",""count"":1},{""value"":""371589008"",""count"":1},{""value"":""371589026"",""count"":1},{""value"":""371589937"",""count"":1},{""value"":""371589949"",""count"":1},{""value"":""371590874"",""count"":1},{""value"":""371590893"",""count"":1},{""value"":""371591803"",""count"":1},{""value"":""371591822"",""count"":1},{""value"":""371592733"",""count"":1},{""value"":""371592744"",""count"":1},{""value"":""371593647"",""count"":1},{""value"":""371593659"",""count"":1},{""value"":""371594577"",""count"":1},{""value"":""371594589"",""count"":1},{""value"":""371595491"",""count"":1},{""value"":""371595512"",""count"":1},{""value"":""371596414"",""count"":1},{""value"":""371596426"",""count"":1},{""value"":""371597321"",""count"":1},{""value"":""371597335"",""count"":1},{""value"":""371598245"",""count"":1},{""value"":""371598260"",""count"":1},{""value"":""371599171"",""count"":1},{""value"":""371599186"",""count"":1},{""value"":""371600095"",""count"":1},{""value"":""371600110"",""count"":1},{""value"":""371601010"",""count"":1},{""value"":""371601035"",""count"":1},{""value"":""371601953"",""count"":1},{""value"":""371601965"",""count"":1},{""value"":""371602877"",""count"":1},{""value"":""371602889"",""count"":1},{""value"":""371603821"",""count"":1},{""value"":""371603833"",""count"":1},{""value"":""371604761"",""count"":1},{""value"":""371604778"",""count"":1},{""value"":""371605721"",""count"":1},{""value"":""371605736"",""count"":1},{""value"":""371606669"",""count"":1},{""value"":""371606682"",""count"":1},{""value"":""371607623"",""count"":1},{""value"":""371607636"",""count"":1},{""value"":""371608573"",""count"":1},{""value"":""371608594"",""count"":1},{""value"":""371609517"",""count"":1},{""value"":""371609528"",""count"":1},{""value"":""371610431"",""count"":1},{""value"":""371610442"",""count"":1},{""value"":""371611339"",""count"":1},{""value"":""371611356"",""count"":1},{""value"":""371612274"",""count"":1},{""value"":""371612295"",""count"":1},{""value"":""371613189"",""count"":1},{""value"":""371613209"",""count"":1},{""value"":""371614119"",""count"":1},{""value"":""371614138"",""count"":1},{""value"":""371615049"",""count"":1},{""value"":""371615060"",""count"":1},{""value"":""371615994"",""count"":1},{""value"":""371616015"",""count"":1},{""value"":""371616953"",""count"":1},{""value"":""371616965"",""count"":1},{""value"":""371617877"",""count"":1},{""value"":""371617888"",""count"":1},{""value"":""371618805"",""count"":1},{""value"":""371618817"",""count"":1},{""value"":""371619765"",""count"":1},{""value"":""371619783"",""count"":1},{""value"":""371620725"",""count"":1},{""value"":""371620742"",""count"":1},{""value"":""371621669"",""count"":1},{""value"":""371621686"",""count"":1},{""value"":""371622619"",""count"":1},{""value"":""371622640"",""count"":1},{""value"":""371623558"",""count"":1},{""value"":""371623575"",""count"":1},{""value"":""371624503"",""count"":1},{""value"":""371624514"",""count"":1},{""value"":""371625438"",""count"":1},{""value"":""371625458"",""count"":1},{""value"":""371626391"",""count"":1},{""value"":""371626402"",""count"":1},{""value"":""371627345"",""count"":1},{""value"":""371627361"",""count"":1},{""value"":""371628286"",""count"":1},{""value"":""371628305"",""count"":1},{""value"":""371629224"",""count"":1},{""value"":""371629242"",""count"":1},{""value"":""371630175"",""count"":1},{""value"":""371630195"",""count"":1}]"
"dl_lostburstmax",35208,1,1,0,0,0,35208,0,"[{""value"":""0"",""count"":35208}]"
"dl_lostburstmin",35208,1,1,0,0,0,35208,0,"[{""value"":""0"",""count"":35208}]"
"dl_lostperc",35208,1,1,0,0,0,35208,0,"[{""value"":""0"",""count"":35208}]"
"dl_lostperiods",35208,1,1,0,0,0,35208,0,"[{""value"":""0"",""count"":35208}]"
"dl_lostpkts",35208,1,1,0,0,0,35208,0,"[{""value"":""0"",""count"":35208}]"
"dl_misorderpkts",35208,1,1,0,0,0,35208,0,"[{""value"":""0"",""count"":35208}]"
"dl_mos",35208,1,1,4409286,4409286,4409286,35208,0,"[{""value"":""4409286"",""count"":35208}]"
"dl_r",35208,1,1,93200000,93200000,93200000,35208,0,"[{""value"":""93200000"",""count"":35208}]"
"dl_rxbytes",35208,138,0,540540,"510837.6961486026",461916,35208,"12111.835808456408","[{""value"":""515424"",""count"":2656},{""value"":""507234"",""count"":1933},{""value"":""523614"",""count"":1511},{""value"":""499044"",""count"":1339},{""value"":""507780"",""count"":1333},{""value"":""520884"",""count"":1165},{""value"":""512148"",""count"":1117},{""value"":""515970"",""count"":1110},{""value"":""524160"",""count"":1051},{""value"":""512694"",""count"":976},{""value"":""504504"",""count"":835},{""value"":""520338"",""count"":787},{""value"":""503958"",""count"":719},{""value"":""511602"",""count"":702},{""value"":""499590"",""count"":645},{""value"":""490854"",""count"":627},{""value"":""531804"",""count"":604},{""value"":""513240"",""count"":593},{""value"":""511056"",""count"":591},{""value"":""519792"",""count"":585},{""value"":""521430"",""count"":514},{""value"":""503412"",""count"":512},{""value"":""495768"",""count"":500},{""value"":""529074"",""count"":472},{""value"":""514878"",""count"":469},{""value"":""506688"",""count"":465},{""value"":""496314"",""count"":428},{""value"":""519246"",""count"":417},{""value"":""528528"",""count"":410},{""value"":""491400"",""count"":395},{""value"":""518700"",""count"":388},{""value"":""505050"",""count"":383},{""value"":""510510"",""count"":372},{""value"":""523068"",""count"":370},{""value"":""502866"",""count"":362},{""value"":""495222"",""count"":319},{""value"":""529620"",""count"":278},{""value"":""498498"",""count"":261},{""value"":""502320"",""count"":257},{""value"":""494676"",""count"":255},{""value"":""514332"",""count"":254},{""value"":""527436"",""count"":251},{""value"":""482664"",""count"":232},{""value"":""527982"",""count"":232},{""value"":""496860"",""count"":224},{""value"":""487578"",""count"":220},{""value"":""521976"",""count"":219},{""value"":""506142"",""count"":203},{""value"":""509964"",""count"":200},{""value"":""487032"",""count"":197},{""value"":""532350"",""count"":191},{""value"":""505596"",""count"":181},{""value"":""488124"",""count"":178},{""value"":""513786"",""count"":178},{""value"":""522522"",""count"":175},{""value"":""518154"",""count"":172},{""value"":""526890"",""count"":159},{""value"":""494130"",""count"":147},{""value"":""490308"",""count"":142},{""value"":""497952"",""count"":139},{""value"":""483210"",""count"":136},{""value"":""501774"",""count"":135},{""value"":""517608"",""count"":116},{""value"":""486486"",""count"":103},{""value"":""531258"",""count"":99},{""value"":""526344"",""count"":95},{""value"":""497406"",""count"":90},{""value"":""509418"",""count"":85},{""value"":""488670"",""count"":81},{""value"":""530712"",""count"":66},{""value"":""489762"",""count"":65},{""value"":""485940"",""count"":61},{""value"":""493584"",""count"":61},{""value"":""537264"",""count"":61},{""value"":""508872"",""count"":60},{""value"":""479388"",""count"":57},{""value"":""489216"",""count"":57},{""value"":""501228"",""count"":55},{""value"":""479934"",""count"":54},{""value"":""474474"",""count"":53},{""value"":""517062"",""count"":53},{""value"":""478842"",""count"":49},{""value"":""536172"",""count"":48},{""value"":""482118"",""count"":47},{""value"":""530166"",""count"":46},{""value"":""516516"",""count"":45},{""value"":""525798"",""count"":43},{""value"":""478296"",""count"":37},{""value"":""508326"",""count"":37},{""value"":""536718"",""count"":34},{""value"":""537810"",""count"":33},{""value"":""524706"",""count"":31},{""value"":""500682"",""count"":30},{""value"":""525252"",""count"":28},{""value"":""500136"",""count"":26},{""value"":""535080"",""count"":26},{""value"":""493038"",""count"":24},{""value"":""535626"",""count"":23},{""value"":""475020"",""count"":21},{""value"":""480480"",""count"":21}]"
"dl_rxpkts",35208,138,0,990,"935.6001760963418",846,35208,"22.182849466034348","[{""value"":""944"",""count"":2656},{""value"":""929"",""count"":1933},{""value"":""959"",""count"":1511},{""value"":""914"",""count"":1339},{""value"":""930"",""count"":1333},{""value"":""954"",""count"":1165},{""value"":""938"",""count"":1117},{""value"":""945"",""count"":1110},{""value"":""960"",""count"":1051},{""value"":""939"",""count"":976},{""value"":""924"",""count"":835},{""value"":""953"",""count"":787},{""value"":""923"",""count"":719},{""value"":""937"",""count"":702},{""value"":""915"",""count"":645},{""value"":""899"",""count"":627},{""value"":""974"",""count"":604},{""value"":""940"",""count"":593},{""value"":""936"",""count"":591},{""value"":""952"",""count"":585},{""value"":""955"",""count"":514},{""value"":""922"",""count"":512},{""value"":""908"",""count"":500},{""value"":""969"",""count"":472},{""value"":""943"",""count"":469},{""value"":""928"",""count"":465},{""value"":""909"",""count"":428},{""value"":""951"",""count"":417},{""value"":""968"",""count"":410},{""value"":""900"",""count"":395},{""value"":""950"",""count"":388},{""value"":""925"",""count"":383},{""value"":""935"",""count"":372},{""value"":""958"",""count"":370},{""value"":""921"",""count"":362},{""value"":""907"",""count"":319},{""value"":""970"",""count"":278},{""value"":""913"",""count"":261},{""value"":""920"",""count"":257},{""value"":""906"",""count"":255},{""value"":""942"",""count"":254},{""value"":""966"",""count"":251},{""value"":""884"",""count"":232},{""value"":""967"",""count"":232},{""value"":""910"",""count"":224},{""value"":""893"",""count"":220},{""value"":""956"",""count"":219},{""value"":""927"",""count"":203},{""value"":""934"",""count"":200},{""value"":""892"",""count"":197},{""value"":""975"",""count"":191},{""value"":""926"",""count"":181},{""value"":""894"",""count"":178},{""value"":""941"",""count"":178},{""value"":""957"",""count"":175},{""value"":""949"",""count"":172},{""value"":""965"",""count"":159},{""value"":""905"",""count"":147},{""value"":""898"",""count"":142},{""value"":""912"",""count"":139},{""value"":""885"",""count"":136},{""value"":""919"",""count"":135},{""value"":""948"",""count"":116},{""value"":""891"",""count"":103},{""value"":""973"",""count"":99},{""value"":""964"",""count"":95},{""value"":""911"",""count"":90},{""value"":""933"",""count"":85},{""value"":""895"",""count"":81},{""value"":""972"",""count"":66},{""value"":""897"",""count"":65},{""value"":""890"",""count"":61},{""value"":""904"",""count"":61},{""value"":""984"",""count"":61},{""value"":""932"",""count"":60},{""value"":""878"",""count"":57},{""value"":""896"",""count"":57},{""value"":""918"",""count"":55},{""value"":""879"",""count"":54},{""value"":""869"",""count"":53},{""value"":""947"",""count"":53},{""value"":""877"",""count"":49},{""value"":""982"",""count"":48},{""value"":""883"",""count"":47},{""value"":""971"",""count"":46},{""value"":""946"",""count"":45},{""value"":""963"",""count"":43},{""value"":""876"",""count"":37},{""value"":""931"",""count"":37},{""value"":""983"",""count"":34},{""value"":""985"",""count"":33},{""value"":""961"",""count"":31},{""value"":""917"",""count"":30},{""value"":""962"",""count"":28},{""value"":""916"",""count"":26},{""value"":""980"",""count"":26},{""value"":""903"",""count"":24},{""value"":""981"",""count"":23},{""value"":""870"",""count"":21},{""value"":""880"",""count"":21}]"
"dl_statStatus",35208,1,1,1792,1792,1792,35208,0,"[{""value"":""1792"",""count"":35208}]"
"dl_toolatepkts",35208,1,1,0,0,0,35208,0,"[{""value"":""0"",""count"":35208}]"
"dl_tosmax",35208,1,1,0,0,0,35208,0,"[{""value"":""0"",""count"":35208}]"
"dl_tosmin",35208,1,1,0,0,0,35208,0,"[{""value"":""0"",""count"":35208}]"
"dl_ttlmax",35208,1,1,250,250,250,35208,0,"[{""value"":""250"",""count"":35208}]"
"dl_ttlmin",35208,1,1,250,250,250,35208,0,"[{""value"":""250"",""count"":35208}]"
"dl_vpriomax",35208,1,1,0,0,0,35208,0,"[{""value"":""0"",""count"":35208}]"
"dl_vpriomin",35208,1,1,0,0,0,35208,0,"[{""value"":""0"",""count"":35208}]"
eventtype,0,0,1,,,,0,,"[]"
host,35208,1,1,,,,0,,"[{""value"":""pca"",""count"":35208}]"
index,35208,1,1,,,,0,,"[{""value"":""pca"",""count"":35208}]"
intervalms,35208,177,0,10100,"9999.902976596228",9900,35208,"36.22132356273331","[{""value"":""10000"",""count"":1816},{""value"":""10004"",""count"":1712},{""value"":""9996"",""count"":1678},{""value"":""9992"",""count"":1554},{""value"":""10008"",""count"":1492},{""value"":""9988"",""count"":1462},{""value"":""10012"",""count"":1352},{""value"":""9984"",""count"":1302},{""value"":""10016"",""count"":1227},{""value"":""9980"",""count"":1213},{""value"":""10020"",""count"":1176},{""value"":""10024"",""count"":1147},{""value"":""9976"",""count"":1142},{""value"":""10028"",""count"":1047},{""value"":""9972"",""count"":1026},{""value"":""10032"",""count"":957},{""value"":""9968"",""count"":912},{""value"":""10036"",""count"":864},{""value"":""9960"",""count"":796},{""value"":""10040"",""count"":793},{""value"":""9964"",""count"":793},{""value"":""10044"",""count"":724},{""value"":""9956"",""count"":687},{""value"":""10048"",""count"":665},{""value"":""9952"",""count"":596},{""value"":""9948"",""count"":582},{""value"":""10052"",""count"":535},{""value"":""10056"",""count"":500},{""value"":""9944"",""count"":484},{""value"":""10060"",""count"":442},{""value"":""9940"",""count"":434},{""value"":""10064"",""count"":398},{""value"":""9936"",""count"":359},{""value"":""9932"",""count"":327},{""value"":""10068"",""count"":323},{""value"":""9928"",""count"":283},{""value"":""10072"",""count"":257},{""value"":""9924"",""count"":245},{""value"":""10076"",""count"":204},{""value"":""10080"",""count"":181},{""value"":""9920"",""count"":164},{""value"":""9916"",""count"":142},{""value"":""10084"",""count"":113},{""value"":""9912"",""count"":102},{""value"":""10088"",""count"":73},{""value"":""9908"",""count"":73},{""value"":""10092"",""count"":49},{""value"":""9904"",""count"":38},{""value"":""10096"",""count"":27},{""value"":""9999"",""count"":19},{""value"":""10006"",""count"":18},{""value"":""10005"",""count"":16},{""value"":""9986"",""count"":15},{""value"":""9997"",""count"":15},{""value"":""10017"",""count"":14},{""value"":""9995"",""count"":14},{""value"":""10023"",""count"":13},{""value"":""10031"",""count"":13},{""value"":""9991"",""count"":13},{""value"":""10001"",""count"":12},{""value"":""10003"",""count"":12},{""value"":""10013"",""count"":12},{""value"":""10022"",""count"":12},{""value"":""9977"",""count"":12},{""value"":""9989"",""count"":12},{""value"":""9998"",""count"":12},{""value"":""10002"",""count"":11},{""value"":""10007"",""count"":11},{""value"":""10010"",""count"":11},{""value"":""10015"",""count"":11},{""value"":""10025"",""count"":11},{""value"":""9993"",""count"":11},{""value"":""10014"",""count"":10},{""value"":""10029"",""count"":10},{""value"":""10039"",""count"":10},{""value"":""9975"",""count"":10},{""value"":""9978"",""count"":10},{""value"":""9983"",""count"":10},{""value"":""9990"",""count"":10},{""value"":""9994"",""count"":10},{""value"":""10026"",""count"":9},{""value"":""10046"",""count"":9},{""value"":""9961"",""count"":9},{""value"":""10021"",""count"":8},{""value"":""9900"",""count"":8},{""value"":""9982"",""count"":8},{""value"":""10011"",""count"":7},{""value"":""10027"",""count"":7},{""value"":""10045"",""count"":7},{""value"":""10047"",""count"":7},{""value"":""9962"",""count"":7},{""value"":""9966"",""count"":7},{""value"":""9971"",""count"":7},{""value"":""9979"",""count"":7},{""value"":""10009"",""count"":6},{""value"":""10034"",""count"":6},{""value"":""10037"",""count"":6},{""value"":""10038"",""count"":6},{""value"":""10041"",""count"":6},{""value"":""9957"",""count"":6}]"
linecount,35208,1,1,1,1,1,35208,0,"[{""value"":""1"",""count"":35208}]"
punct,35208,1,1,,,,0,,"[{""value"":"".,,-,,---,-,,----,--,...,,...,,,,,,,,,,,,,,,,,,,,,"",""count"":35208}]"
"rt_dStdDev",35208,2,1,3,"2.310384003635537",2,35208,"0.46265738247600025","[{""value"":""2"",""count"":24280},{""value"":""3"",""count"":10928}]"
"rt_dmax",35208,9,1,66,"61.71407066575778",58,35208,"1.1629835465141833","[{""value"":""62"",""count"":11145},{""value"":""61"",""count"":9691},{""value"":""63"",""count"":7053},{""value"":""60"",""count"":4680},{""value"":""64"",""count"":1759},{""value"":""59"",""count"":701},{""value"":""65"",""count"":168},{""value"":""66"",""count"":7},{""value"":""58"",""count"":4}]"
"rt_dmean",35208,3,1,52,"51.2367643717337",50,35208,"0.43442134788268855","[{""value"":""51"",""count"":26590},{""value"":""52"",""count"":8477},{""value"":""50"",""count"":141}]"
"rt_dmin",35208,3,1,47,"45.59651215632811",45,35208,"0.5251655880782233","[{""value"":""46"",""count"":19766},{""value"":""45"",""count"":14824},{""value"":""47"",""count"":618}]"
"rt_dp25",35208,3,1,51,"49.4235401045217",49,35208,"0.497106404318163","[{""value"":""49"",""count"":20348},{""value"":""50"",""count"":14808},{""value"":""51"",""count"":52}]"
"rt_dp50",35208,3,1,52,"51.04001931379232",50,35208,"0.6716553275284414","[{""value"":""51"",""count"":19269},{""value"":""52"",""count"":8674},{""value"":""50"",""count"":7265}]"
"rt_dp75",35208,3,1,54,"52.72324471710975",52,35208,"0.7881031019958292","[{""value"":""52"",""count"":17154},{""value"":""53"",""count"":10644},{""value"":""54"",""count"":7410}]"
"rt_dp95",35208,4,1,58,"56.73880936150875",55,35208,"0.4989861305436227","[{""value"":""57"",""count"":24340},{""value"":""56"",""count"":9882},{""value"":""58"",""count"":886},{""value"":""55"",""count"":100}]"
"rt_dpHi",35208,5,1,61,"58.7743126562145",57,35208,"0.5725340849155311","[{""value"":""59"",""count"":22501},{""value"":""58"",""count"":10041},{""value"":""60"",""count"":2457},{""value"":""57"",""count"":195},{""value"":""61"",""count"":14}]"
"rt_dpLo",35208,5,1,59,"57.039451261077026",55,35208,"0.6539045545667368","[{""value"":""57"",""count"":20105},{""value"":""58"",""count"":8245},{""value"":""56"",""count"":6856},{""value"":""55"",""count"":1},{""value"":""59"",""count"":1}]"
"rt_dpMi",35208,5,1,60,"58.024909111565556",56,35208,"0.6201736927081931","[{""value"":""58"",""count"":21693},{""value"":""59"",""count"":7190},{""value"":""57"",""count"":6309},{""value"":""56"",""count"":9},{""value"":""60"",""count"":7}]"
"rt_dvmax",35208,10,1,21,"16.117558509429674",12,35208,"1.1553861135161783","[{""value"":""16"",""count"":11487},{""value"":""17"",""count"":8847},{""value"":""15"",""count"":8355},{""value"":""18"",""count"":3381},{""value"":""14"",""count"":2367},{""value"":""19"",""count"":602},{""value"":""13"",""count"":120},{""value"":""20"",""count"":45},{""value"":""12"",""count"":3},{""value"":""21"",""count"":1}]"
"rt_dvmean",35208,3,1,6,"5.64025221540559",4,35208,"0.4837647214751667","[{""value"":""6"",""count"":22607},{""value"":""5"",""count"":12536},{""value"":""4"",""count"":65}]"
"rt_dvp25",35208,3,1,5,"3.8270279481935923",3,35208,"0.5140290555826711","[{""value"":""4"",""count"":24852},{""value"":""3"",""count"":8223},{""value"":""5"",""count"":2133}]"
"rt_dvp50",35208,3,1,6,"5.443507157464213",4,35208,"0.7083937292883592","[{""value"":""6"",""count"":20104},{""value"":""5"",""count"":10615},{""value"":""4"",""count"":4489}]"
"rt_dvp75",35208,3,1,8,"7.12673256078164",6,35208,"0.8592965969078725","[{""value"":""8"",""count"":15512},{""value"":""6"",""count"":11050},{""value"":""7"",""count"":8646}]"
"rt_dvp95",35208,5,1,13,"11.142297205180641",9,35208,"0.49912841926155804","[{""value"":""11"",""count"":26690},{""value"":""12"",""count"":6309},{""value"":""10"",""count"":1887},{""value"":""13"",""count"":308},{""value"":""9"",""count"":14}]"
"rt_dvpHi",35208,6,1,16,"13.17780049988639",11,35208,"0.6184725345003202","[{""value"":""13"",""count"":23336},{""value"":""14"",""count"":7966},{""value"":""12"",""count"":3015},{""value"":""15"",""count"":764},{""value"":""11"",""count"":120},{""value"":""16"",""count"":7}]"
"rt_dvpLo",35208,4,1,13,"11.442939104748922",10,35208,"0.673866598699977","[{""value"":""11"",""count"":20728},{""value"":""12"",""count"":10830},{""value"":""13"",""count"":2805},{""value"":""10"",""count"":845}]"
"rt_dvpMi",35208,6,1,15,"12.428396955237446",10,35208,"0.6636761742393248","[{""value"":""12"",""count"":20617},{""value"":""13"",""count"":11168},{""value"":""14"",""count"":2441},{""value"":""11"",""count"":972},{""value"":""10"",""count"":5},{""value"":""15"",""count"":5}]"
"rt_firstpktSeq",35208,500,0,656450224,"652334163.2736878",648216014,35208,"2377643.8178655584","[{""value"":""649114048"",""count"":3},{""value"":""650770743"",""count"":3},{""value"":""650782097"",""count"":3},{""value"":""653555423"",""count"":3},{""value"":""653996846"",""count"":3},{""value"":""654170394"",""count"":3},{""value"":""654614779"",""count"":3},{""value"":""648216022"",""count"":2},{""value"":""648237350"",""count"":2},{""value"":""648243928"",""count"":2},{""value"":""648245778"",""count"":2},{""value"":""648253306"",""count"":2},{""value"":""648253314"",""count"":2},{""value"":""648254250"",""count"":2},{""value"":""648254258"",""count"":2},{""value"":""648256147"",""count"":2},{""value"":""648258027"",""count"":2},{""value"":""648274832"",""count"":2},{""value"":""648274840"",""count"":2},{""value"":""648275739"",""count"":2},{""value"":""648276614"",""count"":2},{""value"":""648283924"",""count"":2},{""value"":""648287560"",""count"":2},{""value"":""648313573"",""count"":2},{""value"":""648320822"",""count"":2},{""value"":""648321729"",""count"":2},{""value"":""648323562"",""count"":2},{""value"":""648328075"",""count"":2},{""value"":""648334356"",""count"":2},{""value"":""648335262"",""count"":2},{""value"":""648335270"",""count"":2},{""value"":""648336160"",""count"":2},{""value"":""648339812"",""count"":2},{""value"":""648341611"",""count"":2},{""value"":""648348971"",""count"":2},{""value"":""648354395"",""count"":2},{""value"":""648358068"",""count"":2},{""value"":""648362746"",""count"":2},{""value"":""648367500"",""count"":2},{""value"":""648376033"",""count"":2},{""value"":""648378801"",""count"":2},{""value"":""648381543"",""count"":2},{""value"":""648384321"",""count"":2},{""value"":""648385230"",""count"":2},{""value"":""648387991"",""count"":2},{""value"":""648390749"",""count"":2},{""value"":""648391663"",""count"":2},{""value"":""648391671"",""count"":2},{""value"":""648397152"",""count"":2},{""value"":""648400870"",""count"":2},{""value"":""648404647"",""count"":2},{""value"":""648406467"",""count"":2},{""value"":""648412969"",""count"":2},{""value"":""648418452"",""count"":2},{""value"":""648419434"",""count"":2},{""value"":""648433640"",""count"":2},{""value"":""648445645"",""count"":2},{""value"":""648451341"",""count"":2},{""value"":""648455032"",""count"":2},{""value"":""648455998"",""count"":2},{""value"":""648477476"",""count"":2},{""value"":""648479290"",""count"":2},{""value"":""648480256"",""count"":2},{""value"":""648483959"",""count"":2},{""value"":""648486764"",""count"":2},{""value"":""648491424"",""count"":2},{""value"":""648497070"",""count"":2},{""value"":""648498959"",""count"":2},{""value"":""648503635"",""count"":2},{""value"":""648511256"",""count"":2},{""value"":""648516933"",""count"":2},{""value"":""648518800"",""count"":2},{""value"":""648521535"",""count"":2},{""value"":""648522457"",""count"":2},{""value"":""648525201"",""count"":2},{""value"":""648540130"",""count"":2},{""value"":""648553410"",""count"":2},{""value"":""648554340"",""count"":2},{""value"":""648562936"",""count"":2},{""value"":""648569632"",""count"":2},{""value"":""648576116"",""count"":2},{""value"":""648584639"",""count"":2},{""value"":""648588431"",""count"":2},{""value"":""648590328"",""count"":2},{""value"":""648591264"",""count"":2},{""value"":""648593123"",""count"":2},{""value"":""648595020"",""count"":2},{""value"":""648595971"",""count"":2},{""value"":""648600596"",""count"":2},{""value"":""648610894"",""count"":2},{""value"":""648618141"",""count"":2},{""value"":""648629334"",""count"":2},{""value"":""648634886"",""count"":2},{""value"":""648639556"",""count"":2},{""value"":""648647986"",""count"":2},{""value"":""648654478"",""count"":2},{""value"":""648657288"",""count"":2},{""value"":""648657296"",""count"":2},{""value"":""648663705"",""count"":2},{""value"":""648665482"",""count"":2}]"
"rt_jStdDev",35208,2,1,3,"2.2409111565553284",2,35208,"0.427642567367216","[{""value"":""2"",""count"":26726},{""value"":""3"",""count"":8482}]"
"rt_jmax",35208,11,1,19,"12.770648716200864",9,35208,"1.3619421729016263","[{""value"":""13"",""count"":9602},{""value"":""12"",""count"":9134},{""value"":""14"",""count"":6533},{""value"":""11"",""count"":5199},{""value"":""15"",""count"":2679},{""value"":""10"",""count"":1117},{""value"":""16"",""count"":769},{""value"":""17"",""count"":142},{""value"":""18"",""count"":16},{""value"":""9"",""count"":14},{""value"":""19"",""count"":3}]"
"rt_jmean",35208,2,1,3,"2.5830493069756875",2,35208,"0.4930615758377619","[{""value"":""3"",""count"":20528},{""value"":""2"",""count"":14680}]"
"rt_jmin",35208,1,1,0,0,0,35208,0,"[{""value"":""0"",""count"":35208}]"
"rt_jp25",35208,2,1,2,"1.0000284026357646",1,35208,"0.005329412328249985","[{""value"":""1"",""count"":35207},{""value"":""2"",""count"":1}]"
"rt_jp50",35208,2,1,3,"2.3882072256305387",2,35208,"0.48734907559555934","[{""value"":""2"",""count"":21540},{""value"":""3"",""count"":13668}]"
"rt_jp75",35208,4,1,6,"4.491592819813679",3,35208,"0.5007311799401802","[{""value"":""4"",""count"":17908},{""value"":""5"",""count"":17286},{""value"":""6"",""count"":12},{""value"":""3"",""count"":2}]"
"rt_jp95",35208,5,1,10,"7.853840036355374",6,35208,"0.8137180706519564","[{""value"":""7"",""count"":14502},{""value"":""8"",""count"":11273},{""value"":""9"",""count"":9390},{""value"":""6"",""count"":30},{""value"":""10"",""count"":13}]"
"rt_jpHi",35208,6,1,13,"9.89729606907521",8,35208,"0.8172144293722241","[{""value"":""10"",""count"":14497},{""value"":""9"",""count"":11802},{""value"":""11"",""count"":7893},{""value"":""12"",""count"":550},{""value"":""8"",""count"":441},{""value"":""13"",""count"":25}]"
"rt_jpLo",35208,4,1,10,"8.250511247443763",7,35208,"0.770852746886166","[{""value"":""9"",""count"":14877},{""value"":""8"",""count"":13176},{""value"":""7"",""count"":6789},{""value"":""10"",""count"":366}]"
"rt_jpMi",35208,5,1,11,"9.13531015678255",7,35208,"0.7899765167109758","[{""value"":""9"",""count"":13906},{""value"":""10"",""count"":12414},{""value"":""8"",""count"":8450},{""value"":""11"",""count"":419},{""value"":""7"",""count"":19}]"
"rt_lastpktSeq",35208,500,0,656451177,"652335097.8738639",648216913,35208,"2377643.4104213547","[{""value"":""649114047"",""count"":3},{""value"":""650770742"",""count"":3},{""value"":""650782096"",""count"":3},{""value"":""653555422"",""count"":3},{""value"":""653996845"",""count"":3},{""value"":""654170393"",""count"":3},{""value"":""654614778"",""count"":3},{""value"":""648237349"",""count"":2},{""value"":""648243927"",""count"":2},{""value"":""648245777"",""count"":2},{""value"":""648253305"",""count"":2},{""value"":""648253313"",""count"":2},{""value"":""648254249"",""count"":2},{""value"":""648254257"",""count"":2},{""value"":""648256146"",""count"":2},{""value"":""648258026"",""count"":2},{""value"":""648274831"",""count"":2},{""value"":""648274839"",""count"":2},{""value"":""648275738"",""count"":2},{""value"":""648276613"",""count"":2},{""value"":""648283923"",""count"":2},{""value"":""648287559"",""count"":2},{""value"":""648313572"",""count"":2},{""value"":""648320821"",""count"":2},{""value"":""648321728"",""count"":2},{""value"":""648323561"",""count"":2},{""value"":""648328074"",""count"":2},{""value"":""648334355"",""count"":2},{""value"":""648335261"",""count"":2},{""value"":""648335269"",""count"":2},{""value"":""648336159"",""count"":2},{""value"":""648339811"",""count"":2},{""value"":""648341610"",""count"":2},{""value"":""648348970"",""count"":2},{""value"":""648354394"",""count"":2},{""value"":""648358067"",""count"":2},{""value"":""648362745"",""count"":2},{""value"":""648367499"",""count"":2},{""value"":""648376032"",""count"":2},{""value"":""648378800"",""count"":2},{""value"":""648381542"",""count"":2},{""value"":""648384320"",""count"":2},{""value"":""648385229"",""count"":2},{""value"":""648387990"",""count"":2},{""value"":""648390748"",""count"":2},{""value"":""648391662"",""count"":2},{""value"":""648391670"",""count"":2},{""value"":""648397151"",""count"":2},{""value"":""648400869"",""count"":2},{""value"":""648404646"",""count"":2},{""value"":""648406466"",""count"":2},{""value"":""648412968"",""count"":2},{""value"":""648418451"",""count"":2},{""value"":""648419433"",""count"":2},{""value"":""648433639"",""count"":2},{""value"":""648445644"",""count"":2},{""value"":""648451340"",""count"":2},{""value"":""648455031"",""count"":2},{""value"":""648455997"",""count"":2},{""value"":""648477475"",""count"":2},{""value"":""648479289"",""count"":2},{""value"":""648480255"",""count"":2},{""value"":""648483958"",""count"":2},{""value"":""648486763"",""count"":2},{""value"":""648491423"",""count"":2},{""value"":""648497069"",""count"":2},{""value"":""648498958"",""count"":2},{""value"":""648503634"",""count"":2},{""value"":""648511255"",""count"":2},{""value"":""648516932"",""count"":2},{""value"":""648518799"",""count"":2},{""value"":""648521534"",""count"":2},{""value"":""648522456"",""count"":2},{""value"":""648525200"",""count"":2},{""value"":""648540129"",""count"":2},{""value"":""648553409"",""count"":2},{""value"":""648554339"",""count"":2},{""value"":""648562935"",""count"":2},{""value"":""648569631"",""count"":2},{""value"":""648576115"",""count"":2},{""value"":""648584638"",""count"":2},{""value"":""648588430"",""count"":2},{""value"":""648590327"",""count"":2},{""value"":""648591263"",""count"":2},{""value"":""648593122"",""count"":2},{""value"":""648595019"",""count"":2},{""value"":""648595970"",""count"":2},{""value"":""648600595"",""count"":2},{""value"":""648610893"",""count"":2},{""value"":""648618140"",""count"":2},{""value"":""648629333"",""count"":2},{""value"":""648634885"",""count"":2},{""value"":""648639555"",""count"":2},{""value"":""648647985"",""count"":2},{""value"":""648654477"",""count"":2},{""value"":""648657287"",""count"":2},{""value"":""648657295"",""count"":2},{""value"":""648663704"",""count"":2},{""value"":""648665481"",""count"":2},{""value"":""648669178"",""count"":2}]"
"rt_rxbytes",35208,138,0,540540,"510837.6961486026",461916,35208,"12111.835808456408","[{""value"":""515424"",""count"":2656},{""value"":""507234"",""count"":1933},{""value"":""523614"",""count"":1511},{""value"":""499044"",""count"":1339},{""value"":""507780"",""count"":1333},{""value"":""520884"",""count"":1165},{""value"":""512148"",""count"":1117},{""value"":""515970"",""count"":1110},{""value"":""524160"",""count"":1051},{""value"":""512694"",""count"":976},{""value"":""504504"",""count"":835},{""value"":""520338"",""count"":787},{""value"":""503958"",""count"":719},{""value"":""511602"",""count"":702},{""value"":""499590"",""count"":645},{""value"":""490854"",""count"":627},{""value"":""531804"",""count"":604},{""value"":""513240"",""count"":593},{""value"":""511056"",""count"":591},{""value"":""519792"",""count"":585},{""value"":""521430"",""count"":514},{""value"":""503412"",""count"":512},{""value"":""495768"",""count"":500},{""value"":""529074"",""count"":472},{""value"":""514878"",""count"":469},{""value"":""506688"",""count"":465},{""value"":""496314"",""count"":428},{""value"":""519246"",""count"":417},{""value"":""528528"",""count"":410},{""value"":""491400"",""count"":395},{""value"":""518700"",""count"":388},{""value"":""505050"",""count"":383},{""value"":""510510"",""count"":372},{""value"":""523068"",""count"":370},{""value"":""502866"",""count"":362},{""value"":""495222"",""count"":319},{""value"":""529620"",""count"":278},{""value"":""498498"",""count"":261},{""value"":""502320"",""count"":257},{""value"":""494676"",""count"":255},{""value"":""514332"",""count"":254},{""value"":""527436"",""count"":251},{""value"":""482664"",""count"":232},{""value"":""527982"",""count"":232},{""value"":""496860"",""count"":224},{""value"":""487578"",""count"":220},{""value"":""521976"",""count"":219},{""value"":""506142"",""count"":203},{""value"":""509964"",""count"":200},{""value"":""487032"",""count"":197},{""value"":""532350"",""count"":191},{""value"":""505596"",""count"":181},{""value"":""488124"",""count"":178},{""value"":""513786"",""count"":178},{""value"":""522522"",""count"":175},{""value"":""518154"",""count"":172},{""value"":""526890"",""count"":159},{""value"":""494130"",""count"":147},{""value"":""490308"",""count"":142},{""value"":""497952"",""count"":139},{""value"":""483210"",""count"":136},{""value"":""501774"",""count"":135},{""value"":""517608"",""count"":116},{""value"":""486486"",""count"":103},{""value"":""531258"",""count"":99},{""value"":""526344"",""count"":95},{""value"":""497406"",""count"":90},{""value"":""509418"",""count"":85},{""value"":""488670"",""count"":81},{""value"":""530712"",""count"":66},{""value"":""489762"",""count"":65},{""value"":""485940"",""count"":61},{""value"":""493584"",""count"":61},{""value"":""537264"",""count"":61},{""value"":""508872"",""count"":60},{""value"":""479388"",""count"":57},{""value"":""489216"",""count"":57},{""value"":""501228"",""count"":55},{""value"":""479934"",""count"":54},{""value"":""474474"",""count"":53},{""value"":""517062"",""count"":53},{""value"":""478842"",""count"":49},{""value"":""536172"",""count"":48},{""value"":""482118"",""count"":47},{""value"":""530166"",""count"":46},{""value"":""516516"",""count"":45},{""value"":""525798"",""count"":43},{""value"":""478296"",""count"":37},{""value"":""508326"",""count"":37},{""value"":""536718"",""count"":34},{""value"":""537810"",""count"":33},{""value"":""524706"",""count"":31},{""value"":""500682"",""count"":30},{""value"":""525252"",""count"":28},{""value"":""500136"",""count"":26},{""value"":""535080"",""count"":26},{""value"":""493038"",""count"":24},{""value"":""535626"",""count"":23},{""value"":""475020"",""count"":21},{""value"":""480480"",""count"":21}]"
"rt_rxpkts",35208,138,0,990,"935.6001760963418",846,35208,"22.182849466034348","[{""value"":""944"",""count"":2656},{""value"":""929"",""count"":1933},{""value"":""959"",""count"":1511},{""value"":""914"",""count"":1339},{""value"":""930"",""count"":1333},{""value"":""954"",""count"":1165},{""value"":""938"",""count"":1117},{""value"":""945"",""count"":1110},{""value"":""960"",""count"":1051},{""value"":""939"",""count"":976},{""value"":""924"",""count"":835},{""value"":""953"",""count"":787},{""value"":""923"",""count"":719},{""value"":""937"",""count"":702},{""value"":""915"",""count"":645},{""value"":""899"",""count"":627},{""value"":""974"",""count"":604},{""value"":""940"",""count"":593},{""value"":""936"",""count"":591},{""value"":""952"",""count"":585},{""value"":""955"",""count"":514},{""value"":""922"",""count"":512},{""value"":""908"",""count"":500},{""value"":""969"",""count"":472},{""value"":""943"",""count"":469},{""value"":""928"",""count"":465},{""value"":""909"",""count"":428},{""value"":""951"",""count"":417},{""value"":""968"",""count"":410},{""value"":""900"",""count"":395},{""value"":""950"",""count"":388},{""value"":""925"",""count"":383},{""value"":""935"",""count"":372},{""value"":""958"",""count"":370},{""value"":""921"",""count"":362},{""value"":""907"",""count"":319},{""value"":""970"",""count"":278},{""value"":""913"",""count"":261},{""value"":""920"",""count"":257},{""value"":""906"",""count"":255},{""value"":""942"",""count"":254},{""value"":""966"",""count"":251},{""value"":""884"",""count"":232},{""value"":""967"",""count"":232},{""value"":""910"",""count"":224},{""value"":""893"",""count"":220},{""value"":""956"",""count"":219},{""value"":""927"",""count"":203},{""value"":""934"",""count"":200},{""value"":""892"",""count"":197},{""value"":""975"",""count"":191},{""value"":""926"",""count"":181},{""value"":""894"",""count"":178},{""value"":""941"",""count"":178},{""value"":""957"",""count"":175},{""value"":""949"",""count"":172},{""value"":""965"",""count"":159},{""value"":""905"",""count"":147},{""value"":""898"",""count"":142},{""value"":""912"",""count"":139},{""value"":""885"",""count"":136},{""value"":""919"",""count"":135},{""value"":""948"",""count"":116},{""value"":""891"",""count"":103},{""value"":""973"",""count"":99},{""value"":""964"",""count"":95},{""value"":""911"",""count"":90},{""value"":""933"",""count"":85},{""value"":""895"",""count"":81},{""value"":""972"",""count"":66},{""value"":""897"",""count"":65},{""value"":""890"",""count"":61},{""value"":""904"",""count"":61},{""value"":""984"",""count"":61},{""value"":""932"",""count"":60},{""value"":""878"",""count"":57},{""value"":""896"",""count"":57},{""value"":""918"",""count"":55},{""value"":""879"",""count"":54},{""value"":""869"",""count"":53},{""value"":""947"",""count"":53},{""value"":""877"",""count"":49},{""value"":""982"",""count"":48},{""value"":""883"",""count"":47},{""value"":""971"",""count"":46},{""value"":""946"",""count"":45},{""value"":""963"",""count"":43},{""value"":""876"",""count"":37},{""value"":""931"",""count"":37},{""value"":""983"",""count"":34},{""value"":""985"",""count"":33},{""value"":""961"",""count"":31},{""value"":""917"",""count"":30},{""value"":""962"",""count"":28},{""value"":""916"",""count"":26},{""value"":""980"",""count"":26},{""value"":""903"",""count"":24},{""value"":""981"",""count"":23},{""value"":""870"",""count"":21},{""value"":""880"",""count"":21}]"
"rt_statStatus",35208,1,1,1536,1536,1536,35208,0,"[{""value"":""1536"",""count"":35208}]"
source,35208,500,0,,,,0,,"[{""value"":""/var/log/remote/pca/twamp/4F8C4D56-7068-1B52-49E3-D52B7B082FB2_history_2026-05-03_05h01m01sZ_TWAMP_all_60.csv"",""count"":24},{""value"":""/var/log/remote/pca/twamp/4F8C4D56-7068-1B52-49E3-D52B7B082FB2_history_2026-05-03_05h02m01sZ_TWAMP_all_60.csv"",""count"":24},{""value"":""/var/log/remote/pca/twamp/4F8C4D56-7068-1B52-49E3-D52B7B082FB2_history_2026-05-03_05h03m01sZ_TWAMP_all_60.csv"",""count"":24},{""value"":""/var/log/remote/pca/twamp/4F8C4D56-7068-1B52-49E3-D52B7B082FB2_history_2026-05-03_05h04m01sZ_TWAMP_all_60.csv"",""count"":24},{""value"":""/var/log/remote/pca/twamp/4F8C4D56-7068-1B52-49E3-D52B7B082FB2_history_2026-05-03_05h05m01sZ_TWAMP_all_60.csv"",""count"":24},{""value"":""/var/log/remote/pca/twamp/4F8C4D56-7068-1B52-49E3-D52B7B082FB2_history_2026-05-03_05h06m01sZ_TWAMP_all_60.csv"",""count"":24},{""value"":""/var/log/remote/pca/twamp/4F8C4D56-7068-1B52-49E3-D52B7B082FB2_history_2026-05-03_05h07m01sZ_TWAMP_all_60.csv"",""count"":24},{""value"":""/var/log/remote/pca/twamp/4F8C4D56-7068-1B52-49E3-D52B7B082FB2_history_2026-05-03_05h08m01sZ_TWAMP_all_60.csv"",""count"":24},{""value"":""/var/log/remote/pca/twamp/4F8C4D56-7068-1B52-49E3-D52B7B082FB2_history_2026-05-03_05h09m01sZ_TWAMP_all_60.csv"",""count"":24},{""value"":""/var/log/remote/pca/twamp/4F8C4D56-7068-1B52-49E3-D52B7B082FB2_history_2026-05-03_05h10m01sZ_TWAMP_all_60.csv"",""count"":24},{""value"":""/var/log/remote/pca/twamp/4F8C4D56-7068-1B52-49E3-D52B7B082FB2_history_2026-05-03_05h11m01sZ_TWAMP_all_60.csv"",""count"":24},{""value"":""/var/log/remote/pca/twamp/4F8C4D56-7068-1B52-49E3-D52B7B082FB2_history_2026-05-03_05h12m01sZ_TWAMP_all_60.csv"",""count"":24},{""value"":""/var/log/remote/pca/twamp/4F8C4D56-7068-1B52-49E3-D52B7B082FB2_history_2026-05-03_05h13m01sZ_TWAMP_all_60.csv"",""count"":24},{""value"":""/var/log/remote/pca/twamp/4F8C4D56-7068-1B52-49E3-D52B7B082FB2_history_2026-05-03_05h14m01sZ_TWAMP_all_60.csv"",""count"":24},{""value"":""/var/log/remote/pca/twamp/4F8C4D56-7068-1B52-49E3-D52B7B082FB2_history_2026-05-03_05h15m01sZ_TWAMP_all_60.csv"",""count"":24},{""value"":""/var/log/remote/pca/twamp/4F8C4D56-7068-1B52-49E3-D52B7B082FB2_history_2026-05-03_05h16m01sZ_TWAMP_all_60.csv"",""count"":24},{""value"":""/var/log/remote/pca/twamp/4F8C4D56-7068-1B52-49E3-D52B7B082FB2_history_2026-05-03_05h17m01sZ_TWAMP_all_60.csv"",""count"":24},{""value"":""/var/log/remote/pca/twamp/4F8C4D56-7068-1B52-49E3-D52B7B082FB2_history_2026-05-03_05h18m01sZ_TWAMP_all_60.csv"",""count"":24},{""value"":""/var/log/remote/pca/twamp/4F8C4D56-7068-1B52-49E3-D52B7B082FB2_history_2026-05-03_05h19m01sZ_TWAMP_all_60.csv"",""count"":24},{""value"":""/var/log/remote/pca/twamp/4F8C4D56-7068-1B52-49E3-D52B7B082FB2_history_2026-05-03_05h20m01sZ_TWAMP_all_60.csv"",""count"":24},{""value"":""/var/log/remote/pca/twamp/4F8C4D56-7068-1B52-49E3-D52B7B082FB2_history_2026-05-03_05h21m01sZ_TWAMP_all_60.csv"",""count"":24},{""value"":""/var/log/remote/pca/twamp/4F8C4D56-7068-1B52-49E3-D52B7B082FB2_history_2026-05-03_05h22m01sZ_TWAMP_all_60.csv"",""count"":24},{""value"":""/var/log/remote/pca/twamp/4F8C4D56-7068-1B52-49E3-D52B7B082FB2_history_2026-05-03_05h23m01sZ_TWAMP_all_60.csv"",""count"":24},{""value"":""/var/log/remote/pca/twamp/4F8C4D56-7068-1B52-49E3-D52B7B082FB2_history_2026-05-03_05h24m01sZ_TWAMP_all_60.csv"",""count"":24},{""value"":""/var/log/remote/pca/twamp/4F8C4D56-7068-1B52-49E3-D52B7B082FB2_history_2026-05-03_05h25m01sZ_TWAMP_all_60.csv"",""count"":24},{""value"":""/var/log/remote/pca/twamp/4F8C4D56-7068-1B52-49E3-D52B7B082FB2_history_2026-05-03_05h26m01sZ_TWAMP_all_60.csv"",""count"":24},{""value"":""/var/log/remote/pca/twamp/4F8C4D56-7068-1B52-49E3-D52B7B082FB2_history_2026-05-03_05h27m01sZ_TWAMP_all_60.csv"",""count"":24},{""value"":""/var/log/remote/pca/twamp/4F8C4D56-7068-1B52-49E3-D52B7B082FB2_history_2026-05-03_05h28m01sZ_TWAMP_all_60.csv"",""count"":24},{""value"":""/var/log/remote/pca/twamp/4F8C4D56-7068-1B52-49E3-D52B7B082FB2_history_2026-05-03_05h29m01sZ_TWAMP_all_60.csv"",""count"":24},{""value"":""/var/log/remote/pca/twamp/4F8C4D56-7068-1B52-49E3-D52B7B082FB2_history_2026-05-03_05h30m01sZ_TWAMP_all_60.csv"",""count"":24},{""value"":""/var/log/remote/pca/twamp/4F8C4D56-7068-1B52-49E3-D52B7B082FB2_history_2026-05-03_05h31m01sZ_TWAMP_all_60.csv"",""count"":24},{""value"":""/var/log/remote/pca/twamp/4F8C4D56-7068-1B52-49E3-D52B7B082FB2_history_2026-05-03_05h32m01sZ_TWAMP_all_60.csv"",""count"":24},{""value"":""/var/log/remote/pca/twamp/4F8C4D56-7068-1B52-49E3-D52B7B082FB2_history_2026-05-03_05h33m01sZ_TWAMP_all_60.csv"",""count"":24},{""value"":""/var/log/remote/pca/twamp/4F8C4D56-7068-1B52-49E3-D52B7B082FB2_history_2026-05-03_05h34m01sZ_TWAMP_all_60.csv"",""count"":24},{""value"":""/var/log/remote/pca/twamp/4F8C4D56-7068-1B52-49E3-D52B7B082FB2_history_2026-05-03_05h35m01sZ_TWAMP_all_60.csv"",""count"":24},{""value"":""/var/log/remote/pca/twamp/4F8C4D56-7068-1B52-49E3-D52B7B082FB2_history_2026-05-03_05h36m01sZ_TWAMP_all_60.csv"",""count"":24},{""value"":""/var/log/remote/pca/twamp/4F8C4D56-7068-1B52-49E3-D52B7B082FB2_history_2026-05-03_05h37m01sZ_TWAMP_all_60.csv"",""count"":24},{""value"":""/var/log/remote/pca/twamp/4F8C4D56-7068-1B52-49E3-D52B7B082FB2_history_2026-05-03_05h38m01sZ_TWAMP_all_60.csv"",""count"":24},{""value"":""/var/log/remote/pca/twamp/4F8C4D56-7068-1B52-49E3-D52B7B082FB2_history_2026-05-03_05h39m01sZ_TWAMP_all_60.csv"",""count"":24},{""value"":""/var/log/remote/pca/twamp/4F8C4D56-7068-1B52-49E3-D52B7B082FB2_history_2026-05-03_05h40m01sZ_TWAMP_all_60.csv"",""count"":24},{""value"":""/var/log/remote/pca/twamp/4F8C4D56-7068-1B52-49E3-D52B7B082FB2_history_2026-05-03_05h41m01sZ_TWAMP_all_60.csv"",""count"":24},{""value"":""/var/log/remote/pca/twamp/4F8C4D56-7068-1B52-49E3-D52B7B082FB2_history_2026-05-03_05h42m01sZ_TWAMP_all_60.csv"",""count"":24},{""value"":""/var/log/remote/pca/twamp/4F8C4D56-7068-1B52-49E3-D52B7B082FB2_history_2026-05-03_05h43m01sZ_TWAMP_all_60.csv"",""count"":24},{""value"":""/var/log/remote/pca/twamp/4F8C4D56-7068-1B52-49E3-D52B7B082FB2_history_2026-05-03_05h44m01sZ_TWAMP_all_60.csv"",""count"":24},{""value"":""/var/log/remote/pca/twamp/4F8C4D56-7068-1B52-49E3-D52B7B082FB2_history_2026-05-03_05h45m01sZ_TWAMP_all_60.csv"",""count"":24},{""value"":""/var/log/remote/pca/twamp/4F8C4D56-7068-1B52-49E3-D52B7B082FB2_history_2026-05-03_05h46m01sZ_TWAMP_all_60.csv"",""count"":24},{""value"":""/var/log/remote/pca/twamp/4F8C4D56-7068-1B52-49E3-D52B7B082FB2_history_2026-05-03_05h47m01sZ_TWAMP_all_60.csv"",""count"":24},{""value"":""/var/log/remote/pca/twamp/4F8C4D56-7068-1B52-49E3-D52B7B082FB2_history_2026-05-03_05h48m01sZ_TWAMP_all_60.csv"",""count"":24},{""value"":""/var/log/remote/pca/twamp/4F8C4D56-7068-1B52-49E3-D52B7B082FB2_history_2026-05-03_05h49m01sZ_TWAMP_all_60.csv"",""count"":24},{""value"":""/var/log/remote/pca/twamp/4F8C4D56-7068-1B52-49E3-D52B7B082FB2_history_2026-05-03_05h50m01sZ_TWAMP_all_60.csv"",""count"":24},{""value"":""/var/log/remote/pca/twamp/4F8C4D56-7068-1B52-49E3-D52B7B082FB2_history_2026-05-03_05h51m01sZ_TWAMP_all_60.csv"",""count"":24},{""value"":""/var/log/remote/pca/twamp/4F8C4D56-7068-1B52-49E3-D52B7B082FB2_history_2026-05-03_05h52m01sZ_TWAMP_all_60.csv"",""count"":24},{""value"":""/var/log/remote/pca/twamp/4F8C4D56-7068-1B52-49E3-D52B7B082FB2_history_2026-05-03_05h53m01sZ_TWAMP_all_60.csv"",""count"":24},{""value"":""/var/log/remote/pca/twamp/4F8C4D56-7068-1B52-49E3-D52B7B082FB2_history_2026-05-03_05h54m01sZ_TWAMP_all_60.csv"",""count"":24},{""value"":""/var/log/remote/pca/twamp/4F8C4D56-7068-1B52-49E3-D52B7B082FB2_history_2026-05-03_05h55m01sZ_TWAMP_all_60.csv"",""count"":24},{""value"":""/var/log/remote/pca/twamp/4F8C4D56-7068-1B52-49E3-D52B7B082FB2_history_2026-05-03_05h56m01sZ_TWAMP_all_60.csv"",""count"":24},{""value"":""/var/log/remote/pca/twamp/4F8C4D56-7068-1B52-49E3-D52B7B082FB2_history_2026-05-03_05h57m01sZ_TWAMP_all_60.csv"",""count"":24},{""value"":""/var/log/remote/pca/twamp/4F8C4D56-7068-1B52-49E3-D52B7B082FB2_history_2026-05-03_05h58m01sZ_TWAMP_all_60.csv"",""count"":24},{""value"":""/var/log/remote/pca/twamp/4F8C4D56-7068-1B52-49E3-D52B7B082FB2_history_2026-05-03_05h59m01sZ_TWAMP_all_60.csv"",""count"":24},{""value"":""/var/log/remote/pca/twamp/4F8C4D56-7068-1B52-49E3-D52B7B082FB2_history_2026-05-03_06h00m01sZ_TWAMP_all_60.csv"",""count"":24},{""value"":""/var/log/remote/pca/twamp/4F8C4D56-7068-1B52-49E3-D52B7B082FB2_history_2026-05-03_06h01m01sZ_TWAMP_all_60.csv"",""count"":24},{""value"":""/var/log/remote/pca/twamp/4F8C4D56-7068-1B52-49E3-D52B7B082FB2_history_2026-05-03_06h02m01sZ_TWAMP_all_60.csv"",""count"":24},{""value"":""/var/log/remote/pca/twamp/4F8C4D56-7068-1B52-49E3-D52B7B082FB2_history_2026-05-03_06h03m01sZ_TWAMP_all_60.csv"",""count"":24},{""value"":""/var/log/remote/pca/twamp/4F8C4D56-7068-1B52-49E3-D52B7B082FB2_history_2026-05-03_06h04m01sZ_TWAMP_all_60.csv"",""count"":24},{""value"":""/var/log/remote/pca/twamp/4F8C4D56-7068-1B52-49E3-D52B7B082FB2_history_2026-05-03_06h05m01sZ_TWAMP_all_60.csv"",""count"":24},{""value"":""/var/log/remote/pca/twamp/4F8C4D56-7068-1B52-49E3-D52B7B082FB2_history_2026-05-03_06h06m01sZ_TWAMP_all_60.csv"",""count"":24},{""value"":""/var/log/remote/pca/twamp/4F8C4D56-7068-1B52-49E3-D52B7B082FB2_history_2026-05-03_06h07m01sZ_TWAMP_all_60.csv"",""count"":24},{""value"":""/var/log/remote/pca/twamp/4F8C4D56-7068-1B52-49E3-D52B7B082FB2_history_2026-05-03_06h08m01sZ_TWAMP_all_60.csv"",""count"":24},{""value"":""/var/log/remote/pca/twamp/4F8C4D56-7068-1B52-49E3-D52B7B082FB2_history_2026-05-03_06h09m01sZ_TWAMP_all_60.csv"",""count"":24},{""value"":""/var/log/remote/pca/twamp/4F8C4D56-7068-1B52-49E3-D52B7B082FB2_history_2026-05-03_06h10m01sZ_TWAMP_all_60.csv"",""count"":24},{""value"":""/var/log/remote/pca/twamp/4F8C4D56-7068-1B52-49E3-D52B7B082FB2_history_2026-05-03_06h11m01sZ_TWAMP_all_60.csv"",""count"":24},{""value"":""/var/log/remote/pca/twamp/4F8C4D56-7068-1B52-49E3-D52B7B082FB2_history_2026-05-03_06h12m01sZ_TWAMP_all_60.csv"",""count"":24},{""value"":""/var/log/remote/pca/twamp/4F8C4D56-7068-1B52-49E3-D52B7B082FB2_history_2026-05-03_06h13m01sZ_TWAMP_all_60.csv"",""count"":24},{""value"":""/var/log/remote/pca/twamp/4F8C4D56-7068-1B52-49E3-D52B7B082FB2_history_2026-05-03_06h14m01sZ_TWAMP_all_60.csv"",""count"":24},{""value"":""/var/log/remote/pca/twamp/4F8C4D56-7068-1B52-49E3-D52B7B082FB2_history_2026-05-03_06h15m01sZ_TWAMP_all_60.csv"",""count"":24},{""value"":""/var/log/remote/pca/twamp/4F8C4D56-7068-1B52-49E3-D52B7B082FB2_history_2026-05-03_06h16m01sZ_TWAMP_all_60.csv"",""count"":24},{""value"":""/var/log/remote/pca/twamp/4F8C4D56-7068-1B52-49E3-D52B7B082FB2_history_2026-05-03_06h17m01sZ_TWAMP_all_60.csv"",""count"":24},{""value"":""/var/log/remote/pca/twamp/4F8C4D56-7068-1B52-49E3-D52B7B082FB2_history_2026-05-03_06h18m01sZ_TWAMP_all_60.csv"",""count"":24},{""value"":""/var/log/remote/pca/twamp/4F8C4D56-7068-1B52-49E3-D52B7B082FB2_history_2026-05-03_06h19m01sZ_TWAMP_all_60.csv"",""count"":24},{""value"":""/var/log/remote/pca/twamp/4F8C4D56-7068-1B52-49E3-D52B7B082FB2_history_2026-05-03_06h20m01sZ_TWAMP_all_60.csv"",""count"":24},{""value"":""/var/log/remote/pca/twamp/4F8C4D56-7068-1B52-49E3-D52B7B082FB2_history_2026-05-03_06h21m01sZ_TWAMP_all_60.csv"",""count"":24},{""value"":""/var/log/remote/pca/twamp/4F8C4D56-7068-1B52-49E3-D52B7B082FB2_history_2026-05-03_06h22m01sZ_TWAMP_all_60.csv"",""count"":24},{""value"":""/var/log/remote/pca/twamp/4F8C4D56-7068-1B52-49E3-D52B7B082FB2_history_2026-05-03_06h23m01sZ_TWAMP_all_60.csv"",""count"":24},{""value"":""/var/log/remote/pca/twamp/4F8C4D56-7068-1B52-49E3-D52B7B082FB2_history_2026-05-03_06h24m01sZ_TWAMP_all_60.csv"",""count"":24},{""value"":""/var/log/remote/pca/twamp/4F8C4D56-7068-1B52-49E3-D52B7B082FB2_history_2026-05-03_06h25m01sZ_TWAMP_all_60.csv"",""count"":24},{""value"":""/var/log/remote/pca/twamp/4F8C4D56-7068-1B52-49E3-D52B7B082FB2_history_2026-05-03_06h26m01sZ_TWAMP_all_60.csv"",""count"":24},{""value"":""/var/log/remote/pca/twamp/4F8C4D56-7068-1B52-49E3-D52B7B082FB2_history_2026-05-03_06h27m01sZ_TWAMP_all_60.csv"",""count"":24},{""value"":""/var/log/remote/pca/twamp/4F8C4D56-7068-1B52-49E3-D52B7B082FB2_history_2026-05-03_06h28m01sZ_TWAMP_all_60.csv"",""count"":24},{""value"":""/var/log/remote/pca/twamp/4F8C4D56-7068-1B52-49E3-D52B7B082FB2_history_2026-05-03_06h29m01sZ_TWAMP_all_60.csv"",""count"":24},{""value"":""/var/log/remote/pca/twamp/4F8C4D56-7068-1B52-49E3-D52B7B082FB2_history_2026-05-03_06h30m01sZ_TWAMP_all_60.csv"",""count"":24},{""value"":""/var/log/remote/pca/twamp/4F8C4D56-7068-1B52-49E3-D52B7B082FB2_history_2026-05-03_06h31m01sZ_TWAMP_all_60.csv"",""count"":24},{""value"":""/var/log/remote/pca/twamp/4F8C4D56-7068-1B52-49E3-D52B7B082FB2_history_2026-05-03_06h32m01sZ_TWAMP_all_60.csv"",""count"":24},{""value"":""/var/log/remote/pca/twamp/4F8C4D56-7068-1B52-49E3-D52B7B082FB2_history_2026-05-03_06h33m01sZ_TWAMP_all_60.csv"",""count"":24},{""value"":""/var/log/remote/pca/twamp/4F8C4D56-7068-1B52-49E3-D52B7B082FB2_history_2026-05-03_06h34m01sZ_TWAMP_all_60.csv"",""count"":24},{""value"":""/var/log/remote/pca/twamp/4F8C4D56-7068-1B52-49E3-D52B7B082FB2_history_2026-05-03_06h35m01sZ_TWAMP_all_60.csv"",""count"":24},{""value"":""/var/log/remote/pca/twamp/4F8C4D56-7068-1B52-49E3-D52B7B082FB2_history_2026-05-03_06h36m01sZ_TWAMP_all_60.csv"",""count"":24},{""value"":""/var/log/remote/pca/twamp/4F8C4D56-7068-1B52-49E3-D52B7B082FB2_history_2026-05-03_06h37m01sZ_TWAMP_all_60.csv"",""count"":24},{""value"":""/var/log/remote/pca/twamp/4F8C4D56-7068-1B52-49E3-D52B7B082FB2_history_2026-05-03_06h38m01sZ_TWAMP_all_60.csv"",""count"":24},{""value"":""/var/log/remote/pca/twamp/4F8C4D56-7068-1B52-49E3-D52B7B082FB2_history_2026-05-03_06h39m01sZ_TWAMP_all_60.csv"",""count"":24},{""value"":""/var/log/remote/pca/twamp/4F8C4D56-7068-1B52-49E3-D52B7B082FB2_history_2026-05-03_06h40m01sZ_TWAMP_all_60.csv"",""count"":24}]"
sourcetype,35208,1,1,,,,0,,"[{""value"":""pca_twamp_csv"",""count"":35208}]"
"splunk_server",35208,1,1,,,,0,,"[{""value"":""splunk-01"",""count"":35208}]"
"splunk_server_group",35208,4,1,,,,0,,"[{""value"":""dmc_group_indexer"",""count"":35208},{""value"":""dmc_group_kv_store"",""count"":35208},{""value"":""dmc_group_license_master"",""count"":35208},{""value"":""dmc_group_search_head"",""count"":35208}]"
statRound,35208,500,0,698333,"693932.5",689532,35208,"2540.954603465552","[{""value"":""689532"",""count"":4},{""value"":""689533"",""count"":4},{""value"":""689534"",""count"":4},{""value"":""689535"",""count"":4},{""value"":""689536"",""count"":4},{""value"":""689537"",""count"":4},{""value"":""689538"",""count"":4},{""value"":""689539"",""count"":4},{""value"":""689540"",""count"":4},{""value"":""689541"",""count"":4},{""value"":""689542"",""count"":4},{""value"":""689543"",""count"":4},{""value"":""689544"",""count"":4},{""value"":""689545"",""count"":4},{""value"":""689546"",""count"":4},{""value"":""689547"",""count"":4},{""value"":""689548"",""count"":4},{""value"":""689549"",""count"":4},{""value"":""689550"",""count"":4},{""value"":""689551"",""count"":4},{""value"":""689552"",""count"":4},{""value"":""689553"",""count"":4},{""value"":""689554"",""count"":4},{""value"":""689555"",""count"":4},{""value"":""689556"",""count"":4},{""value"":""689557"",""count"":4},{""value"":""689558"",""count"":4},{""value"":""689559"",""count"":4},{""value"":""689560"",""count"":4},{""value"":""689561"",""count"":4},{""value"":""689562"",""count"":4},{""value"":""689563"",""count"":4},{""value"":""689564"",""count"":4},{""value"":""689565"",""count"":4},{""value"":""689566"",""count"":4},{""value"":""689567"",""count"":4},{""value"":""689568"",""count"":4},{""value"":""689569"",""count"":4},{""value"":""689570"",""count"":4},{""value"":""689571"",""count"":4},{""value"":""689572"",""count"":4},{""value"":""689573"",""count"":4},{""value"":""689574"",""count"":4},{""value"":""689575"",""count"":4},{""value"":""689576"",""count"":4},{""value"":""689577"",""count"":4},{""value"":""689578"",""count"":4},{""value"":""689579"",""count"":4},{""value"":""689580"",""count"":4},{""value"":""689581"",""count"":4},{""value"":""689582"",""count"":4},{""value"":""689583"",""count"":4},{""value"":""689584"",""count"":4},{""value"":""689585"",""count"":4},{""value"":""689586"",""count"":4},{""value"":""689587"",""count"":4},{""value"":""689588"",""count"":4},{""value"":""689589"",""count"":4},{""value"":""689590"",""count"":4},{""value"":""689591"",""count"":4},{""value"":""689592"",""count"":4},{""value"":""689593"",""count"":4},{""value"":""689594"",""count"":4},{""value"":""689595"",""count"":4},{""value"":""689596"",""count"":4},{""value"":""689597"",""count"":4},{""value"":""689598"",""count"":4},{""value"":""689599"",""count"":4},{""value"":""689600"",""count"":4},{""value"":""689601"",""count"":4},{""value"":""689602"",""count"":4},{""value"":""689603"",""count"":4},{""value"":""689604"",""count"":4},{""value"":""689605"",""count"":4},{""value"":""689606"",""count"":4},{""value"":""689607"",""count"":4},{""value"":""689608"",""count"":4},{""value"":""689609"",""count"":4},{""value"":""689610"",""count"":4},{""value"":""689611"",""count"":4},{""value"":""689612"",""count"":4},{""value"":""689613"",""count"":4},{""value"":""689614"",""count"":4},{""value"":""689615"",""count"":4},{""value"":""689616"",""count"":4},{""value"":""689617"",""count"":4},{""value"":""689618"",""count"":4},{""value"":""689619"",""count"":4},{""value"":""689620"",""count"":4},{""value"":""689621"",""count"":4},{""value"":""689622"",""count"":4},{""value"":""689623"",""count"":4},{""value"":""689624"",""count"":4},{""value"":""689625"",""count"":4},{""value"":""689626"",""count"":4},{""value"":""689627"",""count"":4},{""value"":""689628"",""count"":4},{""value"":""689629"",""count"":4},{""value"":""689630"",""count"":4},{""value"":""689631"",""count"":4}]"
statTime,35208,500,0,1777872418097,"1777828412891.6067",1777784407798,35208,"25409560.597618558","[{""value"":""1777784407798"",""count"":2},{""value"":""1777784417785"",""count"":2},{""value"":""1777784437760"",""count"":2},{""value"":""1777784447798"",""count"":2},{""value"":""1777784457795"",""count"":2},{""value"":""1777784477791"",""count"":2},{""value"":""1777784497767"",""count"":2},{""value"":""1777784537766"",""count"":2},{""value"":""1777784547777"",""count"":2},{""value"":""1777784557768"",""count"":2},{""value"":""1777784577809"",""count"":2},{""value"":""1777784587829"",""count"":2},{""value"":""1777784607765"",""count"":2},{""value"":""1777784637758"",""count"":2},{""value"":""1777784677782"",""count"":2},{""value"":""1777784687774"",""count"":2},{""value"":""1777784697774"",""count"":2},{""value"":""1777784717810"",""count"":2},{""value"":""1777784737755"",""count"":2},{""value"":""1777784747823"",""count"":2},{""value"":""1777784757755"",""count"":2},{""value"":""1777784767779"",""count"":2},{""value"":""1777784777755"",""count"":2},{""value"":""1777784827780"",""count"":2},{""value"":""1777784837752"",""count"":2},{""value"":""1777784847800"",""count"":2},{""value"":""1777784857799"",""count"":2},{""value"":""1777784867759"",""count"":2},{""value"":""1777784887788"",""count"":2},{""value"":""1777784927793"",""count"":2},{""value"":""1777784947789"",""count"":2},{""value"":""1777784957765"",""count"":2},{""value"":""1777784967825"",""count"":2},{""value"":""1777785007757"",""count"":2},{""value"":""1777785037775"",""count"":2},{""value"":""1777785047795"",""count"":2},{""value"":""1777785057786"",""count"":2},{""value"":""1777785067791"",""count"":2},{""value"":""1777785077815"",""count"":2},{""value"":""1777785107794"",""count"":2},{""value"":""1777785137791"",""count"":2},{""value"":""1777785147831"",""count"":2},{""value"":""1777785157775"",""count"":2},{""value"":""1777785177764"",""count"":2},{""value"":""1777785197796"",""count"":2},{""value"":""1777785217768"",""count"":2},{""value"":""1777785237764"",""count"":2},{""value"":""1777785247804"",""count"":2},{""value"":""1777785257768"",""count"":2},{""value"":""1777785277776"",""count"":2},{""value"":""1777785287760"",""count"":2},{""value"":""1777785297797"",""count"":2},{""value"":""1777785327770"",""count"":2},{""value"":""1777785347749"",""count"":2},{""value"":""1777785357757"",""count"":2},{""value"":""1777785367822"",""count"":2},{""value"":""1777785377770"",""count"":2},{""value"":""1777785387793"",""count"":2},{""value"":""1777785397781"",""count"":2},{""value"":""1777785407757"",""count"":2},{""value"":""1777785417766"",""count"":2},{""value"":""1777785427786"",""count"":2},{""value"":""1777785447753"",""count"":2},{""value"":""1777785457815"",""count"":2},{""value"":""1777785477789"",""count"":2},{""value"":""1777785547791"",""count"":2},{""value"":""1777785557827"",""count"":2},{""value"":""1777785567795"",""count"":2},{""value"":""1777785577803"",""count"":2},{""value"":""1777785587787"",""count"":2},{""value"":""1777785607780"",""count"":2},{""value"":""1777785617752"",""count"":2},{""value"":""1777785637804"",""count"":2},{""value"":""1777785647756"",""count"":2},{""value"":""1777785657757"",""count"":2},{""value"":""1777785677757"",""count"":2},{""value"":""1777785697797"",""count"":2},{""value"":""1777785727801"",""count"":2},{""value"":""1777785737781"",""count"":2},{""value"":""1777785747805"",""count"":2},{""value"":""1777785757761"",""count"":2},{""value"":""1777785787798"",""count"":2},{""value"":""1777785807806"",""count"":2},{""value"":""1777785827822"",""count"":2},{""value"":""1777785837818"",""count"":2},{""value"":""1777785847802"",""count"":2},{""value"":""1777785867775"",""count"":2},{""value"":""1777785877792"",""count"":2},{""value"":""1777785887791"",""count"":2},{""value"":""1777785897751"",""count"":2},{""value"":""1777785907779"",""count"":2},{""value"":""1777785917771"",""count"":2},{""value"":""1777785937823"",""count"":2},{""value"":""1777785947763"",""count"":2},{""value"":""1777785967752"",""count"":2},{""value"":""1777785977776"",""count"":2},{""value"":""1777785987809"",""count"":2},{""value"":""1777785997756"",""count"":2},{""value"":""1777786007807"",""count"":2},{""value"":""1777786017758"",""count"":2}]"
syncStatus,35208,2,1,5963793,"5962884.639172915",5898257,35208,"7662.04165276043","[{""value"":""5963793"",""count"":34720},{""value"":""5898257"",""count"":488}]"
tag,0,0,1,,,,0,,"[]"
"tag::eventtype",0,0,1,,,,0,,"[]"
"ul_cksum",35208,1,1,0,0,0,35208,0,"[{""value"":""0"",""count"":35208}]"
"ul_dStdDev",35208,2,1,3,"2.1392013178822995",2,35208,"0.34616139935737705","[{""value"":""2"",""count"":30307},{""value"":""3"",""count"":4901}]"
"ul_dmax",35208,9,1,42,"37.850119291070214",34,35208,"1.1955655976462534","[{""value"":""38"",""count"":11031},{""value"":""37"",""count"":8737},{""value"":""39"",""count"":7819},{""value"":""36"",""count"":4284},{""value"":""40"",""count"":2536},{""value"":""35"",""count"":542},{""value"":""41"",""count"":249},{""value"":""42"",""count"":7},{""value"":""34"",""count"":3}]"
"ul_dmean",35208,4,1,29,"27.250426039536467",26,35208,"0.46458323045681915","[{""value"":""27"",""count"":25431},{""value"":""28"",""count"":9282},{""value"":""26"",""count"":485},{""value"":""29"",""count"":10}]"
"ul_dmin",35208,4,1,24,"22.39340490797546",21,35208,"0.4973285814093244","[{""value"":""22"",""count"":21099},{""value"":""23"",""count"":13956},{""value"":""21"",""count"":137},{""value"":""24"",""count"":16}]"
"ul_dp25",35208,3,1,27,"26.0375482844808",25,35208,"0.3966929919306288","[{""value"":""26"",""count"":29618},{""value"":""27"",""count"":3456},{""value"":""25"",""count"":2134}]"
"ul_dp50",35208,4,1,29,"27.18947398318564",26,35208,"0.5233497275420829","[{""value"":""27"",""count"":24334},{""value"":""28"",""count"":8756},{""value"":""26"",""count"":2107},{""value"":""29"",""count"":11}]"
"ul_dp75",35208,5,1,31,"29.011389456941604",27,35208,"0.752278194628433","[{""value"":""29"",""count"":15381},{""value"":""30"",""count"":10107},{""value"":""28"",""count"":9686},{""value"":""27"",""count"":22},{""value"":""31"",""count"":12}]"
"ul_dp95",35208,5,1,35,"32.921551920018175",31,35208,"0.6513176526609095","[{""value"":""33"",""count"":20245},{""value"":""32"",""count"":8816},{""value"":""34"",""count"":6084},{""value"":""31"",""count"":39},{""value"":""35"",""count"":24}]"
"ul_dpHi",35208,5,1,37,"34.93211770052261",33,35208,"0.5785811900599536","[{""value"":""35"",""count"":23437},{""value"":""34"",""count"":7042},{""value"":""36"",""count"":4670},{""value"":""33"",""count"":34},{""value"":""37"",""count"":25}]"
"ul_dpLo",35208,5,1,35,"33.340945239718245",31,35208,"0.6570481370874965","[{""value"":""33"",""count"":17929},{""value"":""34"",""count"":13639},{""value"":""32"",""count"":2969},{""value"":""35"",""count"":669},{""value"":""31"",""count"":2}]"
"ul_dpMi",35208,5,1,36,"34.35460690752102",32,35208,"0.6086296957112882","[{""value"":""34"",""count"":18702},{""value"":""35"",""count"":14020},{""value"":""33"",""count"":2165},{""value"":""36"",""count"":318},{""value"":""32"",""count"":3}]"
"ul_duplicatepkts",35208,1,1,0,0,0,35208,0,"[{""value"":""0"",""count"":35208}]"
"ul_dvmax",35208,9,1,20,"15.45671438309475",12,35208,"1.2001177823470477","[{""value"":""15"",""count"":10215},{""value"":""16"",""count"":10171},{""value"":""14"",""count"":6384},{""value"":""17"",""count"":5568},{""value"":""13"",""count"":1439},{""value"":""18"",""count"":1291},{""value"":""19"",""count"":82},{""value"":""12"",""count"":57},{""value"":""20"",""count"":1}]"
"ul_dvmean",35208,3,1,6,"4.857021131561009",4,35208,"0.4737625394020515","[{""value"":""5"",""count"":26586},{""value"":""4"",""count"":6828},{""value"":""6"",""count"":1794}]"
"ul_dvp25",35208,3,1,5,"3.6441433765053395",3,35208,"0.4791346773434555","[{""value"":""4"",""count"":22667},{""value"":""3"",""count"":12535},{""value"":""5"",""count"":6}]"
"ul_dvp50",35208,3,1,6,"4.7960690752101796",4,35208,"0.5167618434559227","[{""value"":""5"",""count"":24342},{""value"":""4"",""count"":9023},{""value"":""6"",""count"":1843}]"
"ul_dvp75",35208,4,1,8,"6.617984548966144",5,35208,"0.710840474135135","[{""value"":""6"",""count"":15456},{""value"":""7"",""count"":15013},{""value"":""8"",""count"":3828},{""value"":""5"",""count"":911}]"
"ul_dvp95",35208,4,1,12,"10.528147012042718",9,35208,"0.658404403837773","[{""value"":""10"",""count"":17034},{""value"":""11"",""count"":14930},{""value"":""12"",""count"":2303},{""value"":""9"",""count"":941}]"
"ul_dvpHi",35208,5,1,15,"12.538712792547148",11,35208,"0.6371632939763618","[{""value"":""13"",""count"":17809},{""value"":""12"",""count"":14639},{""value"":""11"",""count"":1456},{""value"":""14"",""count"":1298},{""value"":""15"",""count"":6}]"
"ul_dvpLo",35208,5,1,13,"10.947540331742786",9,35208,"0.7271599029720162","[{""value"":""11"",""count"":16879},{""value"":""10"",""count"":10006},{""value"":""12"",""count"":8195},{""value"":""9"",""count"":73},{""value"":""13"",""count"":55}]"
"ul_dvpMi",35208,5,1,14,"11.961201999545558",10,35208,"0.6945736286912024","[{""value"":""12"",""count"":18896},{""value"":""11"",""count"":8486},{""value"":""13"",""count"":7584},{""value"":""10"",""count"":237},{""value"":""14"",""count"":5}]"
"ul_firstpktSeq",35208,500,0,656450224,"652334163.2736878",648216014,35208,"2377643.8178655584","[{""value"":""649114048"",""count"":3},{""value"":""650770743"",""count"":3},{""value"":""650782097"",""count"":3},{""value"":""653555423"",""count"":3},{""value"":""653996846"",""count"":3},{""value"":""654170394"",""count"":3},{""value"":""654614779"",""count"":3},{""value"":""648216022"",""count"":2},{""value"":""648237350"",""count"":2},{""value"":""648243928"",""count"":2},{""value"":""648245778"",""count"":2},{""value"":""648253306"",""count"":2},{""value"":""648253314"",""count"":2},{""value"":""648254250"",""count"":2},{""value"":""648254258"",""count"":2},{""value"":""648256147"",""count"":2},{""value"":""648258027"",""count"":2},{""value"":""648274832"",""count"":2},{""value"":""648274840"",""count"":2},{""value"":""648275739"",""count"":2},{""value"":""648276614"",""count"":2},{""value"":""648283924"",""count"":2},{""value"":""648287560"",""count"":2},{""value"":""648313573"",""count"":2},{""value"":""648320822"",""count"":2},{""value"":""648321729"",""count"":2},{""value"":""648323562"",""count"":2},{""value"":""648328075"",""count"":2},{""value"":""648334356"",""count"":2},{""value"":""648335262"",""count"":2},{""value"":""648335270"",""count"":2},{""value"":""648336160"",""count"":2},{""value"":""648339812"",""count"":2},{""value"":""648341611"",""count"":2},{""value"":""648348971"",""count"":2},{""value"":""648354395"",""count"":2},{""value"":""648358068"",""count"":2},{""value"":""648362746"",""count"":2},{""value"":""648367500"",""count"":2},{""value"":""648376033"",""count"":2},{""value"":""648378801"",""count"":2},{""value"":""648381543"",""count"":2},{""value"":""648384321"",""count"":2},{""value"":""648385230"",""count"":2},{""value"":""648387991"",""count"":2},{""value"":""648390749"",""count"":2},{""value"":""648391663"",""count"":2},{""value"":""648391671"",""count"":2},{""value"":""648397152"",""count"":2},{""value"":""648400870"",""count"":2},{""value"":""648404647"",""count"":2},{""value"":""648406467"",""count"":2},{""value"":""648412969"",""count"":2},{""value"":""648418452"",""count"":2},{""value"":""648419434"",""count"":2},{""value"":""648433640"",""count"":2},{""value"":""648445645"",""count"":2},{""value"":""648451341"",""count"":2},{""value"":""648455032"",""count"":2},{""value"":""648455998"",""count"":2},{""value"":""648477476"",""count"":2},{""value"":""648479290"",""count"":2},{""value"":""648480256"",""count"":2},{""value"":""648483959"",""count"":2},{""value"":""648486764"",""count"":2},{""value"":""648491424"",""count"":2},{""value"":""648497070"",""count"":2},{""value"":""648498959"",""count"":2},{""value"":""648503635"",""count"":2},{""value"":""648511256"",""count"":2},{""value"":""648516933"",""count"":2},{""value"":""648518800"",""count"":2},{""value"":""648521535"",""count"":2},{""value"":""648522457"",""count"":2},{""value"":""648525201"",""count"":2},{""value"":""648540130"",""count"":2},{""value"":""648553410"",""count"":2},{""value"":""648554340"",""count"":2},{""value"":""648562936"",""count"":2},{""value"":""648569632"",""count"":2},{""value"":""648576116"",""count"":2},{""value"":""648584639"",""count"":2},{""value"":""648588431"",""count"":2},{""value"":""648590328"",""count"":2},{""value"":""648591264"",""count"":2},{""value"":""648593123"",""count"":2},{""value"":""648595020"",""count"":2},{""value"":""648595971"",""count"":2},{""value"":""648600596"",""count"":2},{""value"":""648610894"",""count"":2},{""value"":""648618141"",""count"":2},{""value"":""648629334"",""count"":2},{""value"":""648634886"",""count"":2},{""value"":""648639556"",""count"":2},{""value"":""648647986"",""count"":2},{""value"":""648654478"",""count"":2},{""value"":""648657288"",""count"":2},{""value"":""648657296"",""count"":2},{""value"":""648663705"",""count"":2},{""value"":""648665482"",""count"":2}]"
"ul_jStdDev",35208,2,1,3,"2.198648034537605",2,35208,"0.39898811306923754","[{""value"":""2"",""count"":28214},{""value"":""3"",""count"":6994}]"
"ul_jmax",35208,11,1,19,"12.370625994092252",9,35208,"1.3882748681256958","[{""value"":""12"",""count"":9363},{""value"":""13"",""count"":8835},{""value"":""11"",""count"":6557},{""value"":""14"",""count"":5096},{""value"":""10"",""count"":2997},{""value"":""15"",""count"":1769},{""value"":""16"",""count"":356},{""value"":""9"",""count"":168},{""value"":""17"",""count"":57},{""value"":""18"",""count"":9},{""value"":""19"",""count"":1}]"
"ul_jmean",35208,2,1,3,"2.4706600772551695",2,35208,"0.499145515199111","[{""value"":""2"",""count"":18637},{""value"":""3"",""count"":16571}]"
"ul_jmin",35208,1,1,0,0,0,35208,0,"[{""value"":""0"",""count"":35208}]"
"ul_jp25",35208,1,1,1,1,1,35208,0,"[{""value"":""1"",""count"":35208}]"
"ul_jp50",35208,2,1,3,"2.229038854805726",2,35208,"0.4202202675699087","[{""value"":""2"",""count"":27144},{""value"":""3"",""count"":8064}]"
"ul_jp75",35208,4,1,6,"4.411866621222449",3,35208,"0.4950552817939365","[{""value"":""4"",""count"":20613},{""value"":""5"",""count"":14545},{""value"":""3"",""count"":48},{""value"":""6"",""count"":2}]"
"ul_jp95",35208,4,1,9,"7.692711883662804",6,35208,"0.777967435416895","[{""value"":""7"",""count"":16889},{""value"":""8"",""count"":11412},{""value"":""9"",""count"":6628},{""value"":""6"",""count"":279}]"
"ul_jpHi",35208,6,1,13,"9.577652806180414",8,35208,"0.7912395842942282","[{""value"":""9"",""count"":14668},{""value"":""10"",""count"":14467},{""value"":""11"",""count"":3571},{""value"":""8"",""count"":2198},{""value"":""12"",""count"":289},{""value"":""13"",""count"":15}]"
"ul_jpLo",35208,5,1,10,"8.004686434901158",6,35208,"0.8681051644145013","[{""value"":""9"",""count"":13224},{""value"":""7"",""count"":13129},{""value"":""8"",""count"":8810},{""value"":""10"",""count"":40},{""value"":""6"",""count"":5}]"
"ul_jpMi",35208,5,1,11,"8.821603044762554",7,35208,"0.7827363132713698","[{""value"":""8"",""count"":13955},{""value"":""9"",""count"":13150},{""value"":""10"",""count"":7892},{""value"":""7"",""count"":160},{""value"":""11"",""count"":51}]"
"ul_lastpktSeq",35208,500,0,656451177,"652335097.8738639",648216913,35208,"2377643.4104213547","[{""value"":""649114047"",""count"":3},{""value"":""650770742"",""count"":3},{""value"":""650782096"",""count"":3},{""value"":""653555422"",""count"":3},{""value"":""653996845"",""count"":3},{""value"":""654170393"",""count"":3},{""value"":""654614778"",""count"":3},{""value"":""648237349"",""count"":2},{""value"":""648243927"",""count"":2},{""value"":""648245777"",""count"":2},{""value"":""648253305"",""count"":2},{""value"":""648253313"",""count"":2},{""value"":""648254249"",""count"":2},{""value"":""648254257"",""count"":2},{""value"":""648256146"",""count"":2},{""value"":""648258026"",""count"":2},{""value"":""648274831"",""count"":2},{""value"":""648274839"",""count"":2},{""value"":""648275738"",""count"":2},{""value"":""648276613"",""count"":2},{""value"":""648283923"",""count"":2},{""value"":""648287559"",""count"":2},{""value"":""648313572"",""count"":2},{""value"":""648320821"",""count"":2},{""value"":""648321728"",""count"":2},{""value"":""648323561"",""count"":2},{""value"":""648328074"",""count"":2},{""value"":""648334355"",""count"":2},{""value"":""648335261"",""count"":2},{""value"":""648335269"",""count"":2},{""value"":""648336159"",""count"":2},{""value"":""648339811"",""count"":2},{""value"":""648341610"",""count"":2},{""value"":""648348970"",""count"":2},{""value"":""648354394"",""count"":2},{""value"":""648358067"",""count"":2},{""value"":""648362745"",""count"":2},{""value"":""648367499"",""count"":2},{""value"":""648376032"",""count"":2},{""value"":""648378800"",""count"":2},{""value"":""648381542"",""count"":2},{""value"":""648384320"",""count"":2},{""value"":""648385229"",""count"":2},{""value"":""648387990"",""count"":2},{""value"":""648390748"",""count"":2},{""value"":""648391662"",""count"":2},{""value"":""648391670"",""count"":2},{""value"":""648397151"",""count"":2},{""value"":""648400869"",""count"":2},{""value"":""648404646"",""count"":2},{""value"":""648406466"",""count"":2},{""value"":""648412968"",""count"":2},{""value"":""648418451"",""count"":2},{""value"":""648419433"",""count"":2},{""value"":""648433639"",""count"":2},{""value"":""648445644"",""count"":2},{""value"":""648451340"",""count"":2},{""value"":""648455031"",""count"":2},{""value"":""648455997"",""count"":2},{""value"":""648477475"",""count"":2},{""value"":""648479289"",""count"":2},{""value"":""648480255"",""count"":2},{""value"":""648483958"",""count"":2},{""value"":""648486763"",""count"":2},{""value"":""648491423"",""count"":2},{""value"":""648497069"",""count"":2},{""value"":""648498958"",""count"":2},{""value"":""648503634"",""count"":2},{""value"":""648511255"",""count"":2},{""value"":""648516932"",""count"":2},{""value"":""648518799"",""count"":2},{""value"":""648521534"",""count"":2},{""value"":""648522456"",""count"":2},{""value"":""648525200"",""count"":2},{""value"":""648540129"",""count"":2},{""value"":""648553409"",""count"":2},{""value"":""648554339"",""count"":2},{""value"":""648562935"",""count"":2},{""value"":""648569631"",""count"":2},{""value"":""648576115"",""count"":2},{""value"":""648584638"",""count"":2},{""value"":""648588430"",""count"":2},{""value"":""648590327"",""count"":2},{""value"":""648591263"",""count"":2},{""value"":""648593122"",""count"":2},{""value"":""648595019"",""count"":2},{""value"":""648595970"",""count"":2},{""value"":""648600595"",""count"":2},{""value"":""648610893"",""count"":2},{""value"":""648618140"",""count"":2},{""value"":""648629333"",""count"":2},{""value"":""648634885"",""count"":2},{""value"":""648639555"",""count"":2},{""value"":""648647985"",""count"":2},{""value"":""648654477"",""count"":2},{""value"":""648657287"",""count"":2},{""value"":""648657295"",""count"":2},{""value"":""648663704"",""count"":2},{""value"":""648665481"",""count"":2},{""value"":""648669178"",""count"":2}]"
"ul_lostburstmax",35208,1,1,0,0,0,35208,0,"[{""value"":""0"",""count"":35208}]"
"ul_lostburstmin",35208,1,1,0,0,0,35208,0,"[{""value"":""0"",""count"":35208}]"
"ul_lostperc",35208,1,1,0,0,0,35208,0,"[{""value"":""0"",""count"":35208}]"
"ul_lostperiods",35208,1,1,0,0,0,35208,0,"[{""value"":""0"",""count"":35208}]"
"ul_lostpkts",35208,1,1,0,0,0,35208,0,"[{""value"":""0"",""count"":35208}]"
"ul_misorderpkts",35208,1,1,0,0,0,35208,0,"[{""value"":""0"",""count"":35208}]"
"ul_mos",35208,1,1,4409286,4409286,4409286,35208,0,"[{""value"":""4409286"",""count"":35208}]"
"ul_r",35208,1,1,93200000,93200000,93200000,35208,0,"[{""value"":""93200000"",""count"":35208}]"
"ul_rxbytes",35208,138,0,540540,"510837.6961486026",461916,35208,"12111.835808456408","[{""value"":""515424"",""count"":2656},{""value"":""507234"",""count"":1933},{""value"":""523614"",""count"":1511},{""value"":""499044"",""count"":1339},{""value"":""507780"",""count"":1333},{""value"":""520884"",""count"":1165},{""value"":""512148"",""count"":1117},{""value"":""515970"",""count"":1110},{""value"":""524160"",""count"":1051},{""value"":""512694"",""count"":976},{""value"":""504504"",""count"":835},{""value"":""520338"",""count"":787},{""value"":""503958"",""count"":719},{""value"":""511602"",""count"":702},{""value"":""499590"",""count"":645},{""value"":""490854"",""count"":627},{""value"":""531804"",""count"":604},{""value"":""513240"",""count"":593},{""value"":""511056"",""count"":591},{""value"":""519792"",""count"":585},{""value"":""521430"",""count"":514},{""value"":""503412"",""count"":512},{""value"":""495768"",""count"":500},{""value"":""529074"",""count"":472},{""value"":""514878"",""count"":469},{""value"":""506688"",""count"":465},{""value"":""496314"",""count"":428},{""value"":""519246"",""count"":417},{""value"":""528528"",""count"":410},{""value"":""491400"",""count"":395},{""value"":""518700"",""count"":388},{""value"":""505050"",""count"":383},{""value"":""510510"",""count"":372},{""value"":""523068"",""count"":370},{""value"":""502866"",""count"":362},{""value"":""495222"",""count"":319},{""value"":""529620"",""count"":278},{""value"":""498498"",""count"":261},{""value"":""502320"",""count"":257},{""value"":""494676"",""count"":255},{""value"":""514332"",""count"":254},{""value"":""527436"",""count"":251},{""value"":""482664"",""count"":232},{""value"":""527982"",""count"":232},{""value"":""496860"",""count"":224},{""value"":""487578"",""count"":220},{""value"":""521976"",""count"":219},{""value"":""506142"",""count"":203},{""value"":""509964"",""count"":200},{""value"":""487032"",""count"":197},{""value"":""532350"",""count"":191},{""value"":""505596"",""count"":181},{""value"":""488124"",""count"":178},{""value"":""513786"",""count"":178},{""value"":""522522"",""count"":175},{""value"":""518154"",""count"":172},{""value"":""526890"",""count"":159},{""value"":""494130"",""count"":147},{""value"":""490308"",""count"":142},{""value"":""497952"",""count"":139},{""value"":""483210"",""count"":136},{""value"":""501774"",""count"":135},{""value"":""517608"",""count"":116},{""value"":""486486"",""count"":103},{""value"":""531258"",""count"":99},{""value"":""526344"",""count"":95},{""value"":""497406"",""count"":90},{""value"":""509418"",""count"":85},{""value"":""488670"",""count"":81},{""value"":""530712"",""count"":66},{""value"":""489762"",""count"":65},{""value"":""485940"",""count"":61},{""value"":""493584"",""count"":61},{""value"":""537264"",""count"":61},{""value"":""508872"",""count"":60},{""value"":""479388"",""count"":57},{""value"":""489216"",""count"":57},{""value"":""501228"",""count"":55},{""value"":""479934"",""count"":54},{""value"":""474474"",""count"":53},{""value"":""517062"",""count"":53},{""value"":""478842"",""count"":49},{""value"":""536172"",""count"":48},{""value"":""482118"",""count"":47},{""value"":""530166"",""count"":46},{""value"":""516516"",""count"":45},{""value"":""525798"",""count"":43},{""value"":""478296"",""count"":37},{""value"":""508326"",""count"":37},{""value"":""536718"",""count"":34},{""value"":""537810"",""count"":33},{""value"":""524706"",""count"":31},{""value"":""500682"",""count"":30},{""value"":""525252"",""count"":28},{""value"":""500136"",""count"":26},{""value"":""535080"",""count"":26},{""value"":""493038"",""count"":24},{""value"":""535626"",""count"":23},{""value"":""475020"",""count"":21},{""value"":""480480"",""count"":21}]"
"ul_rxpkts",35208,138,0,990,"935.6001760963418",846,35208,"22.182849466034348","[{""value"":""944"",""count"":2656},{""value"":""929"",""count"":1933},{""value"":""959"",""count"":1511},{""value"":""914"",""count"":1339},{""value"":""930"",""count"":1333},{""value"":""954"",""count"":1165},{""value"":""938"",""count"":1117},{""value"":""945"",""count"":1110},{""value"":""960"",""count"":1051},{""value"":""939"",""count"":976},{""value"":""924"",""count"":835},{""value"":""953"",""count"":787},{""value"":""923"",""count"":719},{""value"":""937"",""count"":702},{""value"":""915"",""count"":645},{""value"":""899"",""count"":627},{""value"":""974"",""count"":604},{""value"":""940"",""count"":593},{""value"":""936"",""count"":591},{""value"":""952"",""count"":585},{""value"":""955"",""count"":514},{""value"":""922"",""count"":512},{""value"":""908"",""count"":500},{""value"":""969"",""count"":472},{""value"":""943"",""count"":469},{""value"":""928"",""count"":465},{""value"":""909"",""count"":428},{""value"":""951"",""count"":417},{""value"":""968"",""count"":410},{""value"":""900"",""count"":395},{""value"":""950"",""count"":388},{""value"":""925"",""count"":383},{""value"":""935"",""count"":372},{""value"":""958"",""count"":370},{""value"":""921"",""count"":362},{""value"":""907"",""count"":319},{""value"":""970"",""count"":278},{""value"":""913"",""count"":261},{""value"":""920"",""count"":257},{""value"":""906"",""count"":255},{""value"":""942"",""count"":254},{""value"":""966"",""count"":251},{""value"":""884"",""count"":232},{""value"":""967"",""count"":232},{""value"":""910"",""count"":224},{""value"":""893"",""count"":220},{""value"":""956"",""count"":219},{""value"":""927"",""count"":203},{""value"":""934"",""count"":200},{""value"":""892"",""count"":197},{""value"":""975"",""count"":191},{""value"":""926"",""count"":181},{""value"":""894"",""count"":178},{""value"":""941"",""count"":178},{""value"":""957"",""count"":175},{""value"":""949"",""count"":172},{""value"":""965"",""count"":159},{""value"":""905"",""count"":147},{""value"":""898"",""count"":142},{""value"":""912"",""count"":139},{""value"":""885"",""count"":136},{""value"":""919"",""count"":135},{""value"":""948"",""count"":116},{""value"":""891"",""count"":103},{""value"":""973"",""count"":99},{""value"":""964"",""count"":95},{""value"":""911"",""count"":90},{""value"":""933"",""count"":85},{""value"":""895"",""count"":81},{""value"":""972"",""count"":66},{""value"":""897"",""count"":65},{""value"":""890"",""count"":61},{""value"":""904"",""count"":61},{""value"":""984"",""count"":61},{""value"":""932"",""count"":60},{""value"":""878"",""count"":57},{""value"":""896"",""count"":57},{""value"":""918"",""count"":55},{""value"":""879"",""count"":54},{""value"":""869"",""count"":53},{""value"":""947"",""count"":53},{""value"":""877"",""count"":49},{""value"":""982"",""count"":48},{""value"":""883"",""count"":47},{""value"":""971"",""count"":46},{""value"":""946"",""count"":45},{""value"":""963"",""count"":43},{""value"":""876"",""count"":37},{""value"":""931"",""count"":37},{""value"":""983"",""count"":34},{""value"":""985"",""count"":33},{""value"":""961"",""count"":31},{""value"":""917"",""count"":30},{""value"":""962"",""count"":28},{""value"":""916"",""count"":26},{""value"":""980"",""count"":26},{""value"":""903"",""count"":24},{""value"":""981"",""count"":23},{""value"":""870"",""count"":21},{""value"":""880"",""count"":21}]"
"ul_statStatus",35208,1,1,1792,1792,1792,35208,0,"[{""value"":""1792"",""count"":35208}]"
"ul_toolatepkts",35208,1,1,0,0,0,35208,0,"[{""value"":""0"",""count"":35208}]"
"ul_tosmax",35208,1,1,0,0,0,35208,0,"[{""value"":""0"",""count"":35208}]"
"ul_tosmin",35208,1,1,0,0,0,35208,0,"[{""value"":""0"",""count"":35208}]"
"ul_ttlmax",35208,1,1,250,250,250,35208,0,"[{""value"":""250"",""count"":35208}]"
"ul_ttlmin",35208,1,1,250,250,250,35208,0,"[{""value"":""250"",""count"":35208}]"
"ul_vpriomax",35208,1,1,0,0,0,35208,0,"[{""value"":""0"",""count"":35208}]"
"ul_vpriomin",35208,1,1,0,0,0,35208,0,"[{""value"":""0"",""count"":35208}]"
